"cycleID","Dynasty","MinorDynasty","StemBranch","Year","YearXF"
1,"明","","戊申","洪武元年",1368
2,"明","","己酉","二年",1369
3,"明","","庚戌","三年",1370
4,"明","","辛亥","四年",1371
5,"明","","壬子","五年",1372
6,"明","","癸丑","六年",1373
7,"明","","甲寅","七年",1374
8,"明","","乙卯","八年",1375
9,"明","","丙辰","九年",1376
10,"明","","丁巳","十年",1377
11,"明","","戊午","十一年",1378
12,"明","","己未","十二年",1379
13,"明","","庚申","十三年",1380
14,"明","","辛酉","十四年",1381
15,"明","","壬戌","十五年",1382
16,"明","","癸亥","十六年",1383
17,"明","","甲子","十七年",1384
18,"明","","乙丑","十八年",1385
19,"明","","丙寅","十九年",1386
20,"明","","丁卯","二十年",1387
21,"明","","戊辰","二十一年",1388
22,"明","","己巳","二十二年",1389
23,"明","","庚午","二十三年",1390
24,"明","","辛未","二十四年",1391
25,"明","","壬申","二十五年",1392
26,"明","","癸酉","二十六年",1393
27,"明","","甲戌","二十七年",1394
28,"明","","乙亥","二十八年",1395
29,"明","","丙子","二十九年",1396
30,"明","","丁丑","三十年",1397
31,"明","","戊寅","三十一年",1398
32,"明","","己卯","建文元年",1399
33,"明","","庚辰","二年",1400
34,"明","","辛巳","三年",1401
35,"明","","壬午","四年",1402
36,"明","","癸未","永乐元年",1403
37,"明","","甲申","二年",1404
38,"明","","乙酉","三年",1405
39,"明","","丙戌","四年",1406
40,"明","","丁亥","五年",1407
41,"明","","戊子","六年",1408
42,"明","","己丑","七年",1409
43,"明","","庚寅","八年",1410
44,"明","","辛卯","九年",1411
45,"明","","壬辰","十年",1412
46,"明","","癸巳","十一年",1413
47,"明","","甲午","十二年",1414
48,"明","","乙未","十三年",1415
49,"明","","丙申","十四年",1416
50,"明","","丁酉","十五年",1417
51,"明","","戊戌","十六年",1418
52,"明","","乙亥","十七年",1419
53,"明","","庚子","十八年",1420
54,"明","","辛丑","十九年",1421
55,"明","","壬寅","二十年",1422
56,"明","","癸卯","二十一年",1423
57,"明","","甲辰","二十二年",1424
58,"明","","乙巳","洪熙元年",1425
59,"明","","丙午","宣德元年",1426
60,"明","","丁未","二年",1427
61,"明","","戊申","三年",1428
62,"明","","己酉","四年",1429
63,"明","","庚戌","五年",1430
64,"明","","辛亥","六年",1431
65,"明","","壬子","七年",1432
66,"明","","癸丑","八年",1433
67,"明","","甲寅","九年",1434
68,"明","","乙卯","十年",1435
69,"明","","丙辰","正统元年",1436
70,"明","","丁巳","二年",1437
71,"明","","戊午","三年",1438
72,"明","","己未","四年",1439
73,"明","","庚申","五年",1440
74,"明","","辛酉","六年",1441
75,"明","","壬戌","七年",1442
76,"明","","癸亥","八年",1443
77,"明","","甲子","九年",1444
78,"明","","乙丑","十年",1445
79,"明","","丙寅","十一年",1446
80,"明","","丁卯","十二年",1447
81,"明","","戊辰","十三年",1448
82,"明","","己巳","十四年",1449
83,"明","","庚午","景泰元年",1450
84,"明","","辛未","二年",1451
85,"明","","壬申","三年",1452
86,"明","","癸酉","四年",1453
87,"明","","甲戌","五年",1454
88,"明","","乙亥","六年",1455
89,"明","","丙子","七年",1456
90,"明","","丁丑","天顺元年",1457
91,"明","","戊寅","二年",1458
92,"明","","己卯","三年",1459
93,"明","","庚辰","四年",1460
94,"明","","辛巳","五年",1461
95,"明","","壬午","六年",1462
96,"明","","癸未","七年",1463
97,"明","","甲申","八年",1464
98,"明","","乙酉","成化元年",1465
99,"明","","丙戌","二年",1466
100,"明","","丁亥","三年",1467
101,"明","","戊子","四年",1468
102,"明","","己丑","五年",1469
103,"明","","庚寅","六年",1470
104,"明","","辛卯","七年",1471
105,"明","","壬辰","八年",1472
106,"明","","癸巳","九年",1473
107,"明","","甲午","十年",1474
108,"明","","乙未","十一年",1475
109,"明","","丙申","十二年",1476
110,"明","","丁酉","十三年",1477
111,"明","","戊戌","十四年",1478
112,"明","","乙亥","十五年",1479
113,"明","","庚子","十六年",1480
114,"明","","辛丑","十七年",1481
115,"明","","壬寅","十八年",1482
116,"明","","癸卯","十九年",1483
117,"明","","甲辰","二十年",1484
118,"明","","乙巳","二十一年",1485
119,"明","","丙午","二十二年",1486
120,"明","","丁未","二十三年",1487
121,"明","","戊申","弘治元年",1488
122,"明","","己酉","二年",1489
123,"明","","庚戌","三年",1490
124,"明","","辛亥","四年",1491
125,"明","","壬子","五年",1492
126,"明","","癸丑","六年",1493
127,"明","","甲寅","七年",1494
128,"明","","乙卯","八年",1495
129,"明","","丙辰","九年",1496
130,"明","","丁巳","十年",1497
131,"明","","戊午","十一年",1498
132,"明","","己未","十二年",1499
133,"明","","庚申","十三年",1500
134,"明","","辛酉","十四年",1501
135,"明","","壬戌","十五年",1502
136,"明","","癸亥","十六年",1503
137,"明","","甲子","十七年",1504
138,"明","","乙丑","十八年",1505
139,"明","","丙寅","正德元年",1506
140,"明","","丁卯","二年",1507
141,"明","","戊辰","三年",1508
142,"明","","己巳","四年",1509
143,"明","","庚午","五年",1510
144,"明","","辛未","六年",1511
145,"明","","壬申","七年",1512
146,"明","","癸酉","八年",1513
147,"明","","甲戌","九年",1514
148,"明","","乙亥","十年",1515
149,"明","","丙子","十一年",1516
150,"明","","丁丑","十二年",1517
151,"明","","戊寅","十三年",1518
152,"明","","己卯","十四年",1519
153,"明","","庚辰","十五年",1520
154,"明","","辛巳","十六年",1521
155,"明","","壬午","嘉靖元年",1522
156,"明","","癸未","二年",1523
157,"明","","甲申","三年",1524
158,"明","","乙酉","四年",1525
159,"明","","丙戌","五年",1526
160,"明","","丁亥","六年",1527
161,"明","","戊子","七年",1528
162,"明","","己丑","八年",1529
163,"明","","庚寅","九年",1530
164,"明","","辛卯","十年",1531
165,"明","","壬辰","十一年",1532
166,"明","","癸巳","十二年",1533
167,"明","","甲午","十三年",1534
168,"明","","乙未","十四年",1535
169,"明","","丙申","十五年",1536
170,"明","","丁酉","十六年",1537
171,"明","","戊戌","十七年",1538
172,"明","","乙亥","十八年",1539
173,"明","","庚子","十九年",1540
174,"明","","辛丑","二十年",1541
175,"明","","壬寅","二十一年",1542
176,"明","","癸卯","二十二年",1543
177,"明","","甲辰","二十三年",1544
178,"明","","乙巳","二十四年",1545
179,"明","","丙午","二十五年",1546
180,"明","","丁未","二十六年",1547
181,"明","","戊申","二十七年",1548
182,"明","","己酉","二十八年",1549
183,"明","","庚戌","二十九年",1550
184,"明","","辛亥","三十年",1551
185,"明","","壬子","三十一年",1552
186,"明","","癸丑","三十二年",1553
187,"明","","甲寅","三十三年",1554
188,"明","","乙卯","三十四年",1555
189,"明","","丙辰","三十五年",1556
190,"明","","丁巳","三十六年",1557
191,"明","","戊午","三十七年",1558
192,"明","","己未","三十八年",1559
193,"明","","庚申","三十九年",1560
194,"明","","辛酉","四十年",1561
195,"明","","壬戌","四十一年",1562
196,"明","","癸亥","四十二年",1563
197,"明","","甲子","四十三年",1564
198,"明","","乙丑","四十四年",1565
199,"明","","丙寅","四十五年",1566
200,"明","","丁卯","隆庆元年",1567
201,"明","","戊辰","二年",1568
202,"明","","己巳","三年",1569
203,"明","","庚午","四年",1570
204,"明","","辛未","五年",1571
205,"明","","壬申","六年",1572
206,"明","","癸酉","萬歷元年",1573
207,"明","","甲戌","二年",1574
208,"明","","乙亥","三年",1575
209,"明","","丙子","四年",1576
210,"明","","丁丑","五年",1577
211,"明","","戊寅","六年",1578
212,"明","","己卯","七年",1579
213,"明","","庚辰","八年",1580
214,"明","","辛巳","九年",1581
215,"明","","壬午","十年",1582
216,"明","","癸未","十一年",1583
217,"明","","甲申","十二年",1584
218,"明","","乙酉","十三年",1585
219,"明","","丙戌","十四年",1586
220,"明","","丁亥","十五年",1587
221,"明","","戊子","十六年",1588
222,"明","","己丑","十七年",1589
223,"明","","庚寅","十八年",1590
224,"明","","辛卯","十九年",1591
225,"明","","壬辰","二十年",1592
226,"明","","癸巳","二十一年",1593
227,"明","","甲午","二十二年",1594
228,"明","","乙未","二十三年",1595
229,"明","","丙申","二十四年",1596
230,"明","","丁酉","二十五年",1597
231,"明","","戊戌","二十六年",1598
232,"明","","乙亥","二十七年",1599
233,"明","","庚子","二十八年",1600
234,"明","","辛丑","二十九年",1601
235,"明","","壬寅","三十年",1602
236,"明","","癸卯","三十一年",1603
237,"明","","甲辰","三十二年",1604
238,"明","","乙巳","三十三年",1605
239,"明","","丙午","三十四年",1606
240,"明","","丁未","三十五年",1607
241,"明","","戊申","三十六年",1608
242,"明","","己酉","三十七年",1609
243,"明","","庚戌","三十八年",1610
244,"明","","辛亥","三十九年",1611
245,"明","","壬子","四十年",1612
246,"明","","癸丑","四十一年",1613
247,"明","","甲寅","四十二年",1614
248,"明","","乙卯","四十三年",1615
249,"明","","丙辰","四十四年",1616
250,"明","","丁巳","四十五年",1617
251,"明","","戊午","四十六年",1618
252,"明","","己未","四十七年",1619
253,"明","","庚申","四十八年",1620
254,"明","","庚申","泰昌元年",1620
255,"明","","辛酉","天啟元年",1621
256,"明","","壬戌","二年",1622
257,"明","","癸亥","三年",1623
258,"明","","甲子","四年",1624
259,"明","","乙丑","五年",1625
260,"明","","丙寅","六年",1626
261,"明","","丁卯","七年",1627
262,"明","","戊辰","崇祯元年",1628
263,"明","","己巳","二年",1629
264,"明","","庚午","三年",1630
265,"明","","辛未","四年",1631
266,"明","","壬申","五年",1632
267,"明","","癸酉","六年",1633
268,"明","","甲戌","七年",1634
269,"明","","乙亥","八年",1635
270,"明","","丙子","九年",1636
271,"明","","丁丑","十年",1637
272,"明","","戊寅","十一年",1638
273,"明","","己卯","十二年",1639
274,"明","","庚辰","十三年",1640
275,"明","","辛巳","十四年",1641
276,"明","","壬午","十五年",1642
277,"明","","癸未","十六年",1643
278,"明","","甲申","十七年",1644
279,"清","","甲申","順治元年",1644
280,"清","","乙酉","二年",1645
281,"清","","丙戌","三年",1646
282,"清","","丁亥","四年",1647
283,"清","","戊子","五年",1648
284,"清","","己丑","六年",1649
285,"清","","庚寅","七年",1650
286,"清","","辛卯","八年",1651
287,"清","","壬辰","九年",1652
288,"清","","癸巳","十年",1653
289,"清","","甲午","十一年",1654
290,"清","","乙未","十二年",1655
291,"清","","丙申","十三年",1656
292,"清","","丁酉","十四年",1657
293,"清","","戊戌","十五年",1658
294,"清","","己亥","十六年",1659
295,"清","","庚子","十七年",1660
296,"清","","辛丑","十八年",1661
297,"清","","壬寅","康熙元年",1662
298,"清","","癸卯","二年",1663
299,"清","","甲辰","三年",1664
300,"清","","乙巳","四年",1665
301,"清","","丙午","五年",1666
302,"清","","丁未","六年",1667
303,"清","","戊申","七年",1668
304,"清","","己酉","八年",1669
305,"清","","庚戌","九年",1670
306,"清","","辛亥","十年",1671
307,"清","","壬子","十一年",1672
308,"清","","癸丑","十二年",1673
309,"清","","甲寅","十三年",1674
310,"清","","乙卯","十四年",1675
311,"清","","丙辰","十五年",1676
312,"清","","丁巳","十六年",1677
313,"清","","戊午","十七年",1678
314,"清","","己未","十八年",1679
315,"清","","庚申","十九年",1680
316,"清","","辛酉","二十年",1681
317,"清","","壬戌","二十一年",1682
318,"清","","癸亥","二十二年",1683
319,"清","","甲子","二十三年",1684
320,"清","","乙丑","二十四年",1685
321,"清","","丙寅","二十五年",1686
322,"清","","丁卯","二十六年",1687
323,"清","","戊辰","二十七年",1688
324,"清","","己巳","二十八年",1689
325,"清","","庚午","二十九年",1690
326,"清","","辛未","三十年",1691
327,"清","","壬申","三十一年",1692
328,"清","","癸酉","三十二年",1693
329,"清","","甲戌","三十三年",1694
330,"清","","乙亥","三十四年",1695
331,"清","","丙子","三十五年",1696
332,"清","","丁丑","三十六年",1697
333,"清","","戊寅","三十七年",1698
334,"清","","己卯","三十八年",1699
335,"清","","庚辰","三十九年",1700
336,"清","","辛巳","四十年",1701
337,"清","","壬午","四十一年",1702
338,"清","","癸未","四十二年",1703
339,"清","","甲申","四十三年",1704
340,"清","","乙酉","四十四年",1705
341,"清","","丙戌","四十五年",1706
342,"清","","丁亥","四十六年",1707
343,"清","","戊子","四十七年",1708
344,"清","","己丑","四十八年",1709
345,"清","","庚寅","四十九年",1710
346,"清","","辛卯","五十年",1711
347,"清","","壬辰","五十一年",1712
348,"清","","癸巳","五十二年",1713
349,"清","","甲午","五十三年",1714
350,"清","","乙未","五十四年",1715
351,"清","","丙申","五十五年",1716
352,"清","","丁酉","五十六年",1717
353,"清","","戊戌","五十七年",1718
354,"清","","己亥","五十八年",1719
355,"清","","庚子","五十九年",1720
356,"清","","辛丑","六十年",1721
357,"清","","壬寅","六十一年",1722
358,"清","","癸卯","雍正元年",1723
359,"清","","甲辰","二年",1724
360,"清","","乙巳","三年",1725
361,"清","","丙午","四年",1726
362,"清","","丁未","五年",1727
363,"清","","戊申","六年",1728
364,"清","","己酉","七年",1729
365,"清","","庚戌","八年",1730
366,"清","","辛亥","九年",1731
367,"清","","壬子","十年",1732
368,"清","","癸丑","十一年",1733
369,"清","","甲寅","十二年",1734
370,"清","","乙卯","十三年",1735
371,"清","","丙辰","乾隆元年",1736
372,"清","","丁巳","二年",1737
373,"清","","戊午","三年",1738
374,"清","","己未","四年",1739
375,"清","","庚申","五年",1740
376,"清","","辛酉","六年",1741
377,"清","","壬戌","七年",1742
378,"清","","癸亥","八年",1743
379,"清","","甲子","九年",1744
380,"清","","乙丑","十年",1745
381,"清","","丙寅","十一年",1746
382,"清","","丁卯","十二年",1747
383,"清","","戊辰","十三年",1748
384,"清","","己巳","十四年",1749
385,"清","","庚午","十五年",1750
386,"清","","辛未","十六年",1751
387,"清","","壬申","十七年",1752
388,"清","","癸酉","十八年",1753
389,"清","","甲戌","十九年",1754
390,"清","","乙亥","二十年",1755
391,"清","","丙子","二十一年",1756
392,"清","","丁丑","二十二年",1757
393,"清","","戊寅","二十三年",1758
394,"清","","己卯","二十四年",1759
395,"清","","庚辰","二十五年",1760
396,"清","","辛巳","二十六年",1761
397,"清","","壬午","二十七年",1762
398,"清","","癸未","二十八年",1763
399,"清","","甲申","二十九年",1764
400,"清","","乙酉","三十年",1765
401,"清","","丙戌","三十一年",1766
402,"清","","丁亥","三十二年",1767
403,"清","","戊子","三十三年",1768
404,"清","","己丑","三十四年",1769
405,"清","","庚寅","三十五年",1770
406,"清","","辛卯","三十六年",1771
407,"清","","壬辰","三十七年",1772
408,"清","","癸巳","三十八年",1773
409,"清","","甲午","三十九年",1774
410,"清","","乙未","四十年",1775
411,"清","","丙申","四十一年",1776
412,"清","","丁酉","四十二年",1777
413,"清","","戊戌","四十三年",1778
414,"清","","己亥","四十四年",1779
415,"清","","庚子","四十五年",1780
416,"清","","辛丑","四十六年",1781
417,"清","","壬寅","四十七年",1782
418,"清","","癸卯","四十八年",1783
419,"清","","甲辰","四十九年",1784
420,"清","","乙巳","五十年",1785
421,"清","","丙午","五十一年",1786
422,"清","","丁未","五十二年",1787
423,"清","","戊申","五十三年",1788
424,"清","","己酉","五十四年",1789
425,"清","","庚戌","五十五年",1790
426,"清","","辛亥","五十六年",1791
427,"清","","壬子","五十七年",1792
428,"清","","癸丑","五十八年",1793
429,"清","","甲寅","五十九年",1794
430,"清","","乙卯","六十年",1795
431,"清","","丙辰","嘉慶元年",1796
432,"清","","丁巳","二年",1797
433,"清","","戊午","三年",1798
434,"清","","己未","四年",1799
435,"清","","庚申","五年",1800
436,"清","","辛酉","六年",1801
437,"清","","壬戌","七年",1802
438,"清","","癸亥","八年",1803
439,"清","","甲子","九年",1804
440,"清","","乙丑","十年",1805
441,"清","","丙寅","十一年",1806
442,"清","","丁卯","十二年",1807
443,"清","","戊辰","十三年",1808
444,"清","","己巳","十四年",1809
445,"清","","庚午","十五年",1810
446,"清","","辛未","十六年",1811
447,"清","","壬申","十七年",1812
448,"清","","癸酉","十八年",1813
449,"清","","甲戌","十九年",1814
450,"清","","乙亥","二十年",1815
451,"清","","丙子","二十一年",1816
452,"清","","丁丑","二十二年",1817
453,"清","","戊寅","二十三年",1818
454,"清","","己卯","二十四年",1819
455,"清","","庚辰","二十五年",1820
456,"清","","辛巳","道光元年",1821
457,"清","","壬午","二年",1822
458,"清","","癸未","三年",1823
459,"清","","甲申","四年",1824
460,"清","","乙酉","五年",1825
461,"清","","丙戌","六年",1826
462,"清","","丁亥","七年",1827
463,"清","","戊子","八年",1828
464,"清","","己丑","九年",1829
465,"清","","庚寅","十年",1830
466,"清","","辛卯","十一年",1831
467,"清","","壬辰","十二年",1832
468,"清","","癸巳","十三年",1833
469,"清","","甲午","十四年",1834
470,"清","","乙未","十五年",1835
471,"清","","丙申","十六年",1836
472,"清","","丁酉","十七年",1837
473,"清","","戊戌","十八年",1838
474,"清","","己亥","十九年",1839
475,"清","","庚子","二十年",1840
476,"清","","辛丑","二十一年",1841
477,"清","","壬寅","二十二年",1842
478,"清","","癸卯","二十三年",1843
479,"清","","甲辰","二十四年",1844
480,"清","","乙巳","二十五年",1845
481,"清","","丙午","二十六年",1846
482,"清","","丁未","二十七年",1847
483,"清","","戊申","二十八年",1848
484,"清","","己酉","二十九年",1849
485,"清","","庚戌","三十年",1850
486,"清","","辛亥","咸豐元年",1851
487,"清","","壬子","二年",1852
488,"清","","癸丑","三年",1853
489,"清","","甲寅","四年",1854
490,"清","","乙卯","五年",1855
491,"清","","丙辰","六年",1856
492,"清","","丁巳","七年",1857
493,"清","","戊午","八年",1858
494,"清","","己未","九年",1859
495,"清","","庚申","十年",1860
496,"清","","辛酉","十一年",1861
497,"清","","壬戌","同治元年",1862
498,"清","","癸亥","二年",1863
499,"清","","甲子","三年",1864
500,"清","","乙丑","四年",1865
501,"清","","丙寅","五年",1866
502,"清","","丁卯","六年",1867
503,"清","","戊辰","七年",1868
504,"清","","己巳","八年",1869
505,"清","","庚午","九年",1870
506,"清","","辛未","十年",1871
507,"清","","壬申","十一年",1872
508,"清","","癸酉","十二年",1873
509,"清","","甲戌","十三年",1874
510,"清","","乙亥","光緒元年",1875
511,"清","","丙子","二年",1876
512,"清","","丁丑","三年",1877
513,"清","","戊寅","四年",1878
514,"清","","己卯","五年",1879
515,"清","","庚辰","六年",1880
516,"清","","辛巳","七年",1881
517,"清","","壬午","八年",1882
518,"清","","癸未","九年",1883
519,"清","","甲申","十年",1884
520,"清","","乙酉","十一年",1885
521,"清","","丙戌","十二年",1886
522,"清","","丁亥","十三年",1887
523,"清","","戊子","十四年",1888
524,"清","","己丑","十五年",1889
525,"清","","庚寅","十六年",1890
526,"清","","辛卯","十七年",1891
527,"清","","壬辰","十八年",1892
528,"清","","癸巳","十九年",1893
529,"清","","甲午","二十年",1894
530,"清","","乙未","二十一年",1895
531,"清","","丙申","二十二年",1896
532,"清","","丁酉","二十三年",1897
533,"清","","戊戌","二十四年",1898
534,"清","","己亥","二十五年",1899
535,"清","","庚子","二十六年",1900
536,"清","","辛丑","二十七年",1901
537,"清","","壬寅","二十八年",1902
538,"清","","癸卯","二十九年",1903
539,"清","","甲辰","三十年",1904
540,"清","","乙巳","三十一年",1905
541,"清","","丙午","三十二年",1906
542,"清","","丁未","三十三年",1907
543,"清","","戊申","三十四年",1908
544,"清","","己酉","宣统元年",1909
545,"清","","庚戌","二年",1910
546,"清","","辛亥","三年",1911
547,"秦","","庚辰","秦始皇嬴政二十六年",-221
548,"秦","","辛已","二十七年",-220
549,"秦","","壬午","二十八年",-219
550,"秦","","癸未","二十九年",-218
551,"秦","","甲申","三十年",-217
552,"秦","","乙酉","三十一年",-216
553,"秦","","丙戌","三十二年",-215
554,"秦","","丁亥","三十三年",-214
555,"秦","","戊子","三十四年",-213
556,"秦","","己丑","三十五年",-212
557,"秦","","庚寅","三十六年",-211
558,"秦","","辛卯","三十七年",-210
559,"秦","","壬辰","秦二世胡亥元年",-209
560,"秦","","癸已","二年",-208
561,"秦","","甲午","三年",-207
562,"秦","","乙未","嬴子嬰元年",-206
1153,"漢","西漢","癸卯","三年",-18
1152,"漢","西漢","壬寅","二年",-19
1151,"漢","西漢","辛丑","鸿嘉元年",-20
1150,"漢","西漢","庚子","四年",-21
1149,"漢","西漢","己亥","三年",-22
1148,"漢","西漢","戊戌","二年",-23
1147,"漢","西漢","丁酉","阳朔元年",-24
1146,"漢","西漢","丙申","四年",-25
1145,"漢","西漢","乙未","三年",-26
1144,"漢","西漢","甲午","二年",-27
1143,"漢","西漢","癸巳","河平元年",-28
1142,"漢","西漢","癸巳","五年",-28
1141,"漢","西漢","壬辰","四年",-29
1140,"漢","西漢","辛卯","三年",-30
1139,"漢","西漢","庚寅","二年",-31
1138,"漢","西漢","己丑","漢成帝劉骜建始元年",-32
1137,"漢","西漢","戊子","竟寧元年",-33
1136,"漢","西漢","丁亥","五年",-34
1135,"漢","西漢","丙戌","四年",-35
1134,"漢","西漢","乙酉","三年",-36
1133,"漢","西漢","甲申","二年",-37
1132,"漢","西漢","癸未","建昭元年",-38
1131,"漢","西漢","壬午","五年",-39
1130,"漢","西漢","辛巳","四年",-40
1129,"漢","西漢","庚辰","三年",-41
1128,"漢","西漢","己卯","二年",-42
1127,"漢","西漢","戊寅","永光元年",-43
1126,"漢","西漢","丁丑","五年",-44
1125,"漢","西漢","丙子","四年",-45
1124,"漢","西漢","乙亥","三年",-46
1123,"漢","西漢","甲戌","二年",-47
1122,"漢","西漢","癸酉","漢元帝劉奭初元元年",-48
1121,"漢","西漢","壬申","黄龍元年",-49
1120,"漢","西漢","辛未","四年",-50
1119,"漢","西漢","庚午","三年",-51
1118,"漢","西漢","己巳","二年",-52
1117,"漢","西漢","戊辰","甘露元年",-53
1116,"漢","西漢","丁卯","四年",-54
1115,"漢","西漢","丙寅","三年",-55
1114,"漢","西漢","乙丑","二年",-56
1113,"漢","西漢","甲子","五鳳元年",-57
1112,"漢","西漢","癸亥","四年",-58
1111,"漢","西漢","壬戌","三年",-59
1110,"漢","西漢","辛酉","二年",-60
1109,"漢","西漢","庚申","神爵元年",-61
1108,"漢","西漢","庚申","五年",-61
1107,"漢","西漢","己未","四年",-62
1106,"漢","西漢","戊午","三年",-63
1105,"漢","西漢","丁巳","二年",-64
1104,"漢","西漢","丙辰","元康元年",-65
1103,"漢","西漢","乙卯","四年",-66
1102,"漢","西漢","甲寅","三年",-67
1101,"漢","西漢","癸丑","二年",-68
1100,"漢","西漢","壬子","地节元年",-69
1099,"漢","西漢","辛亥","四年",-70
1098,"漢","西漢","庚戌","三年",-71
1097,"漢","西漢","己酉","二年",-72
1096,"漢","西漢","戊申","漢宣帝劉詢本始元年",-73
1095,"漢","西漢","丁未","元平元年",-74
1094,"漢","西漢","丙午","六年",-75
1093,"漢","西漢","乙巳","五年",-76
1092,"漢","西漢","甲辰","四年",-77
1091,"漢","西漢","癸卯","三年",-78
1090,"漢","西漢","壬寅","二年",-79
1089,"漢","西漢","辛丑","元鳳元年",-80
1088,"漢","西漢","辛丑","七年",-80
1087,"漢","西漢","庚子","六年",-81
1085,"漢","西漢","戊戌","四年",-83
1086,"漢","西漢","己亥","五年",-82
1084,"漢","西漢","丁酉","三年",-84
1083,"漢","西漢","丙申","二年",-85
1082,"漢","西漢","乙未","漢昭帝劉弗陵始元元年",-86
1081,"漢","西漢","甲午","二年",-87
1080,"漢","西漢","癸巳","後元元年",-88
1079,"漢","西漢","壬辰","四年",-89
1078,"漢","西漢","辛卯","三年",-90
1077,"漢","西漢","庚寅","二年",-91
1076,"漢","西漢","己丑","征和元年",-92
1075,"漢","西漢","戊子","四年",-93
1074,"漢","西漢","丁亥","三年",-94
1073,"漢","西漢","丙戌","二年",-95
1071,"漢","西漢","甲申","四年",-97
1072,"漢","西漢","乙酉","太始元年",-96
1070,"漢","西漢","癸未","三年",-98
1069,"漢","西漢","壬午","二年",-99
1068,"漢","西漢","辛巳","天漢元年",-100
1067,"漢","西漢","庚辰","四年",-101
1066,"漢","西漢","己卯","三年",-102
1065,"漢","西漢","戊寅","二年",-103
1064,"漢","西漢","丁丑","太初元年",-104
1063,"漢","西漢","丙子","六年",-105
1062,"漢","西漢","乙亥","五年",-106
1061,"漢","西漢","甲戌","四年",-107
1060,"漢","西漢","癸酉","三年",-108
1059,"漢","西漢","壬申","二年",-109
1058,"漢","西漢","辛未","元封元年",-110
1057,"漢","西漢","庚午","六年",-111
1056,"漢","西漢","己巳","五年",-112
1055,"漢","西漢","戊辰","四年",-113
1054,"漢","西漢","丁卯","三年",-114
1053,"漢","西漢","丙寅","二年",-115
1052,"漢","西漢","乙丑","元鼎元年",-116
1051,"漢","西漢","甲子","六年",-117
1050,"漢","西漢","癸亥","五年",-118
1049,"漢","西漢","壬戌","四年",-119
1048,"漢","西漢","辛酉","三年",-120
1046,"漢","西漢","己未","元狩元年",-122
1047,"漢","西漢","庚申","二年",-121
1045,"漢","西漢","戊午","六年",-123
1044,"漢","西漢","丁巳","五年",-124
1043,"漢","西漢","丙辰","四年",-125
1042,"漢","西漢","乙卯","三年",-126
1041,"漢","西漢","甲寅","二年",-127
1040,"漢","西漢","癸丑","元朔元年",-128
1039,"漢","西漢","壬子","六年",-129
1038,"漢","西漢","辛亥","五年",-130
1037,"漢","西漢","庚戌","四年",-131
1036,"漢","西漢","己酉","三年",-132
1035,"漢","西漢","戊申","二年",-133
1034,"漢","西漢","丁未","元光元年",-134
1033,"漢","西漢","丙午","六年",-135
1032,"漢","西漢","乙巳","五年",-136
1031,"漢","西漢","甲辰","四年",-137
1030,"漢","西漢","癸卯","三年",-138
1029,"漢","西漢","壬寅","二年",-139
1028,"漢","西漢","辛丑","漢武帝劉徹建元元年",-140
1027,"漢","西漢","庚子","三年",-141
1026,"漢","西漢","己亥","二年",-142
1025,"漢","西漢","戊戌","後元元年",-143
1024,"漢","西漢","丁酉","六年",-144
1023,"漢","西漢","丙申","五年",-145
1022,"漢","西漢","乙未","四年",-146
1021,"漢","西漢","甲午","三年",-147
1020,"漢","西漢","癸巳","二年",-148
1019,"漢","西漢","壬辰","中元元年",-149
1018,"漢","西漢","辛卯","七年",-150
1017,"漢","西漢","庚寅","六年",-151
1016,"漢","西漢","己丑","五年",-152
1015,"漢","西漢","戊子","四年",-153
1014,"漢","西漢","丁亥","三年",-154
1013,"漢","西漢","丙戌","二年",-155
1012,"漢","西漢","乙酉","漢景帝劉启前元元年",-156
1011,"漢","西漢","甲申","七年",-157
1010,"漢","西漢","癸未","六年",-158
1009,"漢","西漢","壬午","五年",-159
1008,"漢","西漢","辛巳","四年",-160
1007,"漢","西漢","庚辰","三年",-161
1006,"漢","西漢","己卯","二年",-162
1005,"漢","西漢","戊寅","後元元年",-163
1004,"漢","西漢","丁丑","十六年",-164
1003,"漢","西漢","丙子","十五年",-165
1002,"漢","西漢","乙亥","十四年",-166
1001,"漢","西漢","甲戌","十三年",-167
1000,"漢","西漢","癸酉","十二年",-168
999,"漢","西漢","壬申","十一年",-169
998,"漢","西漢","辛未","十年",-170
997,"漢","西漢","庚午","九年",-171
996,"漢","西漢","己巳","八年",-172
995,"漢","西漢","戊辰","七年",-173
994,"漢","西漢","丁卯","六年",-174
993,"漢","西漢","丙寅","五年",-175
992,"漢","西漢","乙丑","四年",-176
991,"漢","西漢","甲子","三年",-177
990,"漢","西漢","癸亥","二年",-178
989,"漢","西漢","壬戌","漢文帝劉恒前元元年",-179
988,"漢","西漢","辛酉","八年",-180
987,"漢","西漢","庚申","七年",-181
986,"漢","西漢","己未","六年",-182
985,"漢","西漢","戊午","五年",-183
984,"漢","西漢","丁巳","四年",-184
983,"漢","西漢","丙辰","三年",-185
982,"漢","西漢","乙卯","二年",-186
981,"漢","西漢","甲寅","漢高後吕雉元年",-187
980,"漢","西漢","癸丑","七年",-188
979,"漢","西漢","壬子","六年",-189
978,"漢","西漢","辛亥","五年",-190
977,"漢","西漢","庚戌","四年",-191
976,"漢","西漢","己酉","三年",-192
975,"漢","西漢","戊申","二年",-193
974,"漢","西漢","丁未","漢惠帝劉盈元年",-194
973,"漢","西漢","丙午","十二年",-195
972,"漢","西漢","乙巳","十一年",-196
971,"漢","西漢","甲辰","十年",-197
970,"漢","西漢","癸卯","九年",-198
969,"漢","西漢","壬寅","八年",-199
968,"漢","西漢","辛丑","七年",-200
967,"漢","西漢","庚子","六年",-201
966,"漢","西漢","己亥","五年",-202
965,"漢","西漢","戊戌","四年",-203
964,"漢","西漢","丁酉","三年",-204
963,"漢","西漢","丙申","二年",-205
962,"漢","西漢","乙未","漢高祖劉邦元年",-206
1154,"漢","西漢","甲辰","四年",-17
1155,"漢","西漢","乙巳","永始元年",-16
1156,"漢","西漢","丙午","二年",-15
1157,"漢","西漢","丁未","三年",-14
1158,"漢","西漢","戊申","四年",-13
1159,"漢","西漢","己酉","元延元年",-12
1160,"漢","西漢","庚戌","二年",-11
1161,"漢","西漢","辛亥","三年",-10
1162,"漢","西漢","壬子","四年",-9
1163,"漢","西漢","癸丑","綏和元年",-8
1164,"漢","西漢","甲寅","二年",-7
1165,"漢","西漢","乙卯","漢哀帝劉欣建平元年",-6
1166,"漢","西漢","丙辰","二年",-5
1167,"漢","西漢","丁巳","三年",-4
1168,"漢","西漢","戊午","四年",-3
1169,"漢","西漢","己未","元壽元年",-2
1170,"漢","西漢","庚申","二年",-1
1171,"漢","西漢","辛酉","漢平帝劉衎元始元年",1
1172,"漢","西漢","壬戌","二年",2
1173,"漢","西漢","癸亥","三年",3
1174,"漢","西漢","甲子","四年",4
1175,"漢","西漢","乙丑","五年",5
1176,"漢","西漢","丙寅","孺子嬰（王莽攝政）居攝元年",6
1177,"漢","西漢","丁卯","二年",7
1178,"漢","西漢","戊辰","三年",8
1179,"漢","西漢","戊辰","初始元年",8
1180,"漢","西漢","己巳","新 王莽始建國元年",9
1181,"漢","西漢","庚午","二年",10
1182,"漢","西漢","辛未","三年",11
1183,"漢","西漢","壬申","四年",12
1184,"漢","西漢","癸酉","五年",13
1185,"漢","西漢","甲戌","天鳳元年",14
1186,"漢","西漢","乙亥","二年",15
1187,"漢","西漢","丙子","三年",16
1188,"漢","西漢","丁丑","四年",17
1189,"漢","西漢","戊寅","五年",18
1190,"漢","西漢","己卯","六年",19
1191,"漢","西漢","庚辰","地皇元年",20
1192,"漢","西漢","辛巳","二年",21
1193,"漢","西漢","壬午","三年",22
1194,"漢","西漢","癸未","四年",23
1195,"漢","西漢","癸未","更始帝劉玄更始元年",23
1196,"漢","西漢","甲申","二年",24
1197,"漢","西漢","乙酉","三年",25
1198,"漢","東漢","乙酉","漢光武帝劉秀建武元年",25
1199,"漢","東漢","丙戌","二年",26
1200,"漢","東漢","丁亥","三年",27
1201,"漢","東漢","戊子","四年",28
1202,"漢","東漢","己丑","五年",29
1203,"漢","東漢","庚寅","六年",30
1204,"漢","東漢","辛卯","七年",31
1205,"漢","東漢","壬辰","八年",32
1206,"漢","東漢","癸巳","九年",33
1207,"漢","東漢","甲午","十年",34
1208,"漢","東漢","乙未","十一年",35
1209,"漢","東漢","丙申","十二年",36
1210,"漢","東漢","丁酉","十三年",37
1211,"漢","東漢","戊戌","十四年",38
1212,"漢","東漢","己亥","十五年",39
1213,"漢","東漢","庚子","十六年",40
1214,"漢","東漢","辛丑","十七年",41
1215,"漢","東漢","壬寅","十八年",42
1216,"漢","東漢","癸卯","十九年",43
1217,"漢","東漢","甲辰","二十年",44
1218,"漢","東漢","乙巳","二十一年",45
1219,"漢","東漢","丙午","二十二年",46
1220,"漢","東漢","丁未","二十三年",47
1221,"漢","東漢","戊申","二十四年",48
1222,"漢","東漢","己酉","二十五年",49
1223,"漢","東漢","庚戌","二十六年",50
1224,"漢","東漢","辛亥","二十七年",51
1225,"漢","東漢","壬子","二十八年",52
1226,"漢","東漢","癸丑","二十九年",53
1227,"漢","東漢","甲寅","三十年",54
1228,"漢","東漢","乙卯","三十一年",55
1229,"漢","東漢","丙辰","三十二年",56
1230,"漢","東漢","丙辰","建武中元元年",56
1231,"漢","東漢","丁巳","二年",57
1232,"漢","東漢","戊午","漢明帝劉庄永平元年",58
1233,"漢","東漢","己未","二年",59
1234,"漢","東漢","庚申","三年",60
1235,"漢","東漢","辛酉","四年",61
1236,"漢","東漢","壬戌","五年",62
1237,"漢","東漢","癸亥","六年",63
1238,"漢","東漢","甲子","七年",64
1239,"漢","東漢","乙丑","八年",65
1240,"漢","東漢","丙寅","九年",66
1241,"漢","東漢","丁卯","十年",67
1242,"漢","東漢","戊辰","十一年",68
1243,"漢","東漢","己巳","十二年",69
1244,"漢","東漢","庚午","十三年",70
1245,"漢","東漢","辛未","十四年",71
1246,"漢","東漢","壬申","十五年",72
1247,"漢","東漢","癸酉","十六年",73
1248,"漢","東漢","甲戌","十七年",74
1249,"漢","東漢","乙亥","十八年",75
1250,"漢","東漢","丙子","漢章帝劉炟建初元年",76
1251,"漢","東漢","丁丑","二年",77
1252,"漢","東漢","戊寅","三年",78
1253,"漢","東漢","己卯","四年",79
1254,"漢","東漢","庚辰","五年",80
1255,"漢","東漢","辛巳","六年",81
1256,"漢","東漢","壬午","七年",82
1257,"漢","東漢","癸未","八年",83
1258,"漢","東漢","甲申","九年",84
1259,"漢","東漢","甲申","元和元年",84
1260,"漢","東漢","乙酉","二年",85
1261,"漢","東漢","丙戌","三年",86
1262,"漢","東漢","丁亥","四年",87
1263,"漢","東漢","丁亥","章和元年",87
1264,"漢","東漢","戊子","二年",88
1265,"漢","東漢","己丑","漢和帝劉肇永元元年",89
1266,"漢","東漢","庚寅","二年",90
1267,"漢","東漢","辛卯","三年",91
1268,"漢","東漢","壬辰","四年",92
1269,"漢","東漢","癸巳","五年",93
1270,"漢","東漢","甲午","六年",94
1271,"漢","東漢","乙未","七年",95
1272,"漢","東漢","丙申","八年",96
1273,"漢","東漢","丁酉","九年",97
1274,"漢","東漢","戊戌","十年",98
1275,"漢","東漢","己亥","十一年",99
1276,"漢","東漢","庚子","十二年",100
1277,"漢","東漢","辛丑","十三年",101
1278,"漢","東漢","壬寅","十四年",102
1279,"漢","東漢","癸卯","十五年",103
1280,"漢","東漢","甲辰","十六年",104
1281,"漢","東漢","乙巳","十七年",105
1282,"漢","東漢","乙巳","元興元年",105
1283,"漢","東漢","丙午","漢殇帝劉隆延平元年",106
1284,"漢","東漢","丁未","漢安帝劉祜永初元年",107
1285,"漢","東漢","戊申","二年",108
1286,"漢","東漢","己酉","三年",109
1287,"漢","東漢","庚戌","四年",110
1288,"漢","東漢","辛亥","五年",111
1289,"漢","東漢","壬子","六年",112
1290,"漢","東漢","癸丑","七年",113
1291,"漢","東漢","甲寅","元初元年",114
1292,"漢","東漢","乙卯","二年",115
1293,"漢","東漢","丙辰","三年",116
1294,"漢","東漢","丁巳","四年",117
1295,"漢","東漢","戊午","五年",118
1296,"漢","東漢","己未","六年",119
1297,"漢","東漢","庚申","七年",120
1298,"漢","東漢","庚申","永寧元年",120
1299,"漢","東漢","辛酉","二年",121
1300,"漢","東漢","辛酉","建光元年",121
1301,"漢","東漢","壬戌","二年",122
1302,"漢","東漢","壬戌","延光元年",122
1303,"漢","東漢","癸亥","二年",123
1304,"漢","東漢","甲子","三年",124
1305,"漢","東漢","乙丑","四年",125
1306,"漢","東漢","丙寅","漢顺帝劉保永建元年",126
1307,"漢","東漢","丁卯","二年",127
1308,"漢","東漢","戊辰","三年",128
1309,"漢","東漢","己巳","四年",129
1310,"漢","東漢","庚午","五年",130
1311,"漢","東漢","辛未","六年",131
1312,"漢","東漢","壬申","七年",132
1313,"漢","東漢","壬申","阳嘉元年",132
1314,"漢","東漢","癸酉","二年",133
1315,"漢","東漢","甲戌","三年",134
1316,"漢","東漢","乙亥","四年",135
1317,"漢","東漢","丙子","永和元年",136
1318,"漢","東漢","丁丑","二年",137
1319,"漢","東漢","戊寅","三年",138
1320,"漢","東漢","己卯","四年",139
1321,"漢","東漢","庚辰","五年",140
1322,"漢","東漢","辛巳","六年",141
1323,"漢","東漢","壬午","漢安元年",142
1324,"漢","東漢","癸未","二年",143
1325,"漢","東漢","甲申","三年",144
1326,"漢","東漢","甲申","建康元年",144
1327,"漢","東漢","乙酉","漢冲帝劉炳永嘉元年",145
1328,"漢","東漢","丙戌","漢质帝劉缵本初元年",146
1329,"漢","東漢","丁亥","漢桓帝劉志建和元年",147
1330,"漢","東漢","戊子","二年",148
1331,"漢","東漢","己丑","三年",149
1332,"漢","東漢","庚寅","和平元年",150
1333,"漢","東漢","辛卯","元嘉元年",151
1334,"漢","東漢","壬辰","二年",152
1335,"漢","東漢","癸巳","三年",153
1336,"漢","東漢","癸巳","永興元年",153
1337,"漢","東漢","甲午","二年",154
1338,"漢","東漢","乙未","永壽元年",155
1339,"漢","東漢","丙申","二年",156
1340,"漢","東漢","丁酉","三年",157
1341,"漢","東漢","戊戌","四年",158
1342,"漢","東漢","戊戌","延熹元年",158
1343,"漢","東漢","己亥","二年",159
1344,"漢","東漢","庚子","三年",160
1345,"漢","東漢","辛丑","四年",161
1346,"漢","東漢","壬寅","五年",162
1347,"漢","東漢","癸卯","六年",163
1348,"漢","東漢","甲辰","七年",164
1349,"漢","東漢","乙巳","八年",165
1350,"漢","東漢","丙午","九年",166
1351,"漢","東漢","丁未","十年",167
1352,"漢","東漢","丁未","永康元年",167
1353,"漢","東漢","戊申","漢灵帝劉宏建寧元年",168
1354,"漢","東漢","己酉","二年",169
1355,"漢","東漢","庚戌","三年",170
1356,"漢","東漢","辛亥","四年",171
1357,"漢","東漢","壬子","五年",172
1358,"漢","東漢","壬子","熹平元年",172
1359,"漢","東漢","癸丑","二年",173
1360,"漢","東漢","甲寅","三年",174
1361,"漢","東漢","乙卯","四年",175
1362,"漢","東漢","丙辰","五年",176
1363,"漢","東漢","丁巳","六年",177
1364,"漢","東漢","戊午","七年",178
1365,"漢","東漢","戊午","光和元年",178
1366,"漢","東漢","己未","二年",179
1367,"漢","東漢","庚申","三年",180
1368,"漢","東漢","辛酉","四年",181
1369,"漢","東漢","壬戌","五年",182
1370,"漢","東漢","癸亥","六年",183
1371,"漢","東漢","甲子","七年",184
1372,"漢","東漢","甲子","中平元年",184
1373,"漢","東漢","乙丑","二年",185
1374,"漢","東漢","丙寅","三年",186
1375,"漢","東漢","丁卯","四年",187
1376,"漢","東漢","戊辰","五年",188
1377,"漢","東漢","己巳","六年",189
1378,"漢","東漢","己巳","漢少帝劉辩光熹昭寧元年",189
1379,"漢","東漢","己巳","漢献帝劉协永漢元年",189
1380,"漢","東漢","己巳","中平元年",189
1381,"漢","東漢","庚午","初平元年",190
1382,"漢","東漢","辛未","二年",191
1383,"漢","東漢","壬申","三年",192
1384,"漢","東漢","癸酉","四年",193
1385,"漢","東漢","甲戌","興平元年",194
1386,"漢","東漢","乙亥","二年",195
1387,"漢","東漢","丙子","建安元年",196
1388,"漢","東漢","丁丑","二年",197
1389,"漢","東漢","戊寅","三年",198
1390,"漢","東漢","己卯","四年",199
1391,"漢","東漢","庚辰","五年",200
1392,"漢","東漢","辛巳","六年",201
1393,"漢","東漢","壬午","七年",202
1394,"漢","東漢","癸未","八年",203
1395,"漢","東漢","甲申","九年",204
1396,"漢","東漢","乙酉","十年",205
1397,"漢","東漢","丙戌","十一年",206
1398,"漢","東漢","丁亥","十二年",207
1399,"漢","東漢","戊子","十三年",208
1400,"漢","東漢","己丑","十四年",209
1401,"漢","東漢","庚寅","十五年",210
1402,"漢","東漢","辛卯","十六年",211
1403,"漢","東漢","壬辰","十七年",212
1404,"漢","東漢","癸巳","十八年",213
1405,"漢","東漢","甲午","十九年",214
1406,"漢","東漢","乙未","二十年",215
1407,"漢","東漢","丙申","二十一年",216
1408,"漢","東漢","丁酉","二十二年",217
1409,"漢","東漢","戊戌","二十三年",218
1410,"漢","東漢","己亥","二十四年",219
1411,"漢","東漢","庚子","二十五年",220
1412,"漢","東漢","庚子","延康元年",220
1413,"三國","魏","庚子","文帝曹丕黄初元年",220
1414,"三國","魏","辛丑","二年",221
1415,"三國","魏","壬寅","三年",222
1416,"三國","魏","癸卯","四年",223
1417,"三國","魏","甲辰","五年",224
1418,"三國","魏","乙巳","六年",225
1419,"三國","魏","丙午","七年",226
1420,"三國","魏","丁未","明帝曹睿太和元年",227
1421,"三國","魏","戊申","二年",228
1422,"三國","魏","己酉","三年",229
1423,"三國","魏","庚戌","四年",230
1424,"三國","魏","辛亥","五年",231
1425,"三國","魏","壬子","六年",232
1426,"三國","魏","癸丑","七年",233
1427,"三國","魏","癸丑","青龍元年",233
1428,"三國","魏","甲寅","二年",234
1429,"三國","魏","乙卯","三年",235
1430,"三國","魏","丙辰","四年",236
1431,"三國","魏","丁巳","五年",237
1432,"三國","魏","丁巳","景初元年",237
1433,"三國","魏","戊午","二年",238
1434,"三國","魏","己未","三年",239
1435,"三國","魏","庚申","齊王曹芳正始元年",240
1436,"三國","魏","辛酉","二年",241
1437,"三國","魏","壬戌","三年",242
1438,"三國","魏","癸亥","四年",243
1439,"三國","魏","甲子","五年",244
1440,"三國","魏","乙丑","六年",245
1441,"三國","魏","丙寅","七年",246
1442,"三國","魏","丁卯","八年",247
1443,"三國","魏","戊辰","九年",248
1444,"三國","魏","己巳","十年",249
1445,"三國","魏","己巳","嘉平元年",249
1446,"三國","魏","庚午","二年",250
1447,"三國","魏","辛未","三年",251
1448,"三國","魏","壬申","四年",252
1449,"三國","魏","癸酉","五年",253
1450,"三國","魏","甲戌","六年",254
1451,"三國","魏","甲戌","高贵鄉公曹髦正元元年",254
1452,"三國","魏","乙亥","二年",255
1453,"三國","魏","丙子","三年",256
1454,"三國","魏","丙子","甘露元年",256
1455,"三國","魏","丁丑","二年",257
1456,"三國","魏","戊寅","三年",258
1457,"三國","魏","己卯","四年",259
1458,"三國","魏","庚辰","五年",260
1459,"三國","魏","庚辰","元帝曹奂景元元年",260
1460,"三國","魏","辛巳","二年",261
1461,"三國","魏","壬午","三年",262
1462,"三國","魏","癸未","四年",263
1463,"三國","魏","甲申","五年",264
1464,"三國","魏","甲申","咸熙元年",264
1465,"三國","魏","乙酉","二年",265
1466,"三國","蜀漢","辛丑","昭烈帝劉备章武元年",221
1467,"三國","蜀漢","壬寅","二年",222
1468,"三國","蜀漢","癸卯","三年",223
1469,"三國","蜀漢","癸卯","後主劉禅建興元年",223
1470,"三國","蜀漢","甲辰","二年",224
1471,"三國","蜀漢","乙巳","三年",225
1472,"三國","蜀漢","丙午","四年",226
1473,"三國","蜀漢","丁未","五年",227
1474,"三國","蜀漢","戊申","六年",228
1475,"三國","蜀漢","己酉","七年",229
1476,"三國","蜀漢","庚戌","八年",230
1477,"三國","蜀漢","辛亥","九年",231
1478,"三國","蜀漢","壬子","十年",232
1479,"三國","蜀漢","癸丑","十一年",233
1480,"三國","蜀漢","甲寅","十二年",234
1481,"三國","蜀漢","乙卯","十三年",235
1482,"三國","蜀漢","丙辰","十四年",236
1483,"三國","蜀漢","丁巳","十五年",237
1484,"三國","蜀漢","戊午","延熙元年",238
1485,"三國","蜀漢","己未","二年",239
1486,"三國","蜀漢","庚申","三年",240
1487,"三國","蜀漢","辛酉","四年",241
1488,"三國","蜀漢","壬戌","二年",242
1489,"三國","蜀漢","癸亥","六年",243
1490,"三國","蜀漢","甲子","七年",244
1491,"三國","蜀漢","乙丑","八年",245
1492,"三國","蜀漢","丙寅","九年",246
1493,"三國","蜀漢","丁卯","十年",247
1494,"三國","蜀漢","戊辰","十一年",248
1495,"三國","蜀漢","己巳","十二年",249
1496,"三國","蜀漢","庚午","十三年",250
1497,"三國","蜀漢","辛未","十四年",251
1498,"三國","蜀漢","壬申","十五年",252
1499,"三國","蜀漢","癸酉","十六年",253
1500,"三國","蜀漢","甲戌","十七年",254
1501,"三國","蜀漢","乙亥","十八年",255
1502,"三國","蜀漢","丙子","十九年",256
1503,"三國","蜀漢","丁丑","二十年",257
1504,"三國","蜀漢","戊寅","景耀元年",258
1505,"三國","蜀漢","己卯","二年",259
1506,"三國","蜀漢","庚辰","三年",260
1507,"三國","蜀漢","辛巳","四年",261
1508,"三國","蜀漢","壬午","五年",262
1509,"三國","蜀漢","癸未","六年",263
1510,"三國","蜀漢","癸未","炎興元年",263
1511,"三國","吴","壬寅","大帝孫權黄武元年",222
1512,"三國","吴","癸卯","二年",223
1513,"三國","吴","甲辰","三年",224
1514,"三國","吴","乙巳","四年",225
1515,"三國","吴","丙午","五年",226
1516,"三國","吴","丁未","六年",227
1517,"三國","吴","戊申","七年",228
1518,"三國","吴","己酉","八年",229
1519,"三國","吴","己酉","黄龍元年",229
1520,"三國","吴","庚戌","二年",230
1521,"三國","吴","辛亥","三年",231
1522,"三國","吴","壬子","嘉禾元年",232
1523,"三國","吴","癸丑","二年",233
1524,"三國","吴","甲寅","三年",234
1525,"三國","吴","乙卯","四年",235
1526,"三國","吴","丙辰","五年",236
1527,"三國","吴","丁巳","六年",237
1528,"三國","吴","戊午","七年",238
1529,"三國","吴","戊午","赤烏元年",238
1530,"三國","吴","己未","二年",239
1531,"三國","吴","庚申","三年",240
1532,"三國","吴","辛酉","四年",241
1533,"三國","吴","壬戌","五年",242
1534,"三國","吴","癸亥","六年",243
1535,"三國","吴","甲子","七年",244
1536,"三國","吴","乙丑","八年",245
1537,"三國","吴","丙寅","九年",246
1538,"三國","吴","丁卯","十年",247
1539,"三國","吴","戊辰","十一年",248
1540,"三國","吴","己巳","十二年",249
1541,"三國","吴","庚午","十三年",250
1542,"三國","吴","辛未","十四年",251
1543,"三國","吴","辛未","太元元年",251
1544,"三國","吴","壬申","二年",252
1545,"三國","吴","壬申","神鳳元年",252
1546,"三國","吴","壬申","會稽王孫亮建興元年",252
1547,"三國","吴","癸酉","二年",253
1548,"三國","吴","甲戌","五鳳元年",254
1549,"三國","吴","乙亥","二年",255
1550,"三國","吴","丙子","三年",256
1551,"三國","吴","丙子","太平元年",256
1552,"三國","吴","丁丑","二年",257
1553,"三國","吴","戊寅","三年",258
1554,"三國","吴","戊寅","景帝孫休永安元年",258
1555,"三國","吴","己卯","二年",259
1556,"三國","吴","庚辰","三年",260
1557,"三國","吴","辛巳","四年",261
1558,"三國","吴","壬午","五年",262
1559,"三國","吴","癸未","六年",263
1560,"三國","吴","甲申","七年",264
1561,"三國","吴","甲申","末帝孫皓元興元年",264
1562,"三國","吴","乙酉","二年",265
1563,"三國","吴","乙酉","甘露元年",265
1564,"三國","吴","丙戌","二年",266
1565,"三國","吴","丙戌","末帝孫皓宝鼎元年",266
1566,"三國","吴","丁亥","二年",267
1567,"三國","吴","戊子","三年",268
1568,"三國","吴","己丑","四年",269
1569,"三國","吴","己丑","建衡元年",269
1570,"三國","吴","庚寅","二年",270
1571,"三國","吴","辛卯","三年",271
1572,"三國","吴","壬辰","鳳凰元年",272
1573,"三國","吴","癸巳","二年",273
1574,"三國","吴","甲午","三年",274
1575,"三國","吴","乙未","天册元年",275
1576,"三國","吴","丙申","天璽元年",276
1577,"三國","吴","丁酉","天紀元年",277
1578,"三國","吴","戊戌","二年",278
1579,"三國","吴","己亥","三年",279
1580,"三國","吴","庚子","四年",280
2041,"晉","東晉、十六國","癸丑","九年 (夏赫连勃勃鳳翔元年)",413
2039,"晉","東晉、十六國","辛亥","七年",411
2040,"晉","東晉、十六國","壬子","八年 (北涼沮渠蒙逊玄始元年) (西秦乞伏炽磐永康元年)",412
2038,"晉","東晉、十六國","庚戌","六年",410
2037,"晉","東晉、十六國","己酉","五年 (西秦乞伏乾歸更始元年) (北魏拓跋嗣永興元年) (北燕冯跋太平元年)",409
2036,"晉","東晉、十六國","戊申","四年 (南涼秃發薷檀嘉平元年)",408
2035,"晉","東晉、十六國","丁未","三年 (夏赫连勃勃龍昇元年) (後燕慕容熙建始元年) (後燕高雲正始元年)",407
2034,"晉","東晉、十六國","丙午","二年",406
2033,"晉","東晉、十六國","乙巳","義熙元年 (南燕慕容超太上元年) (西涼李暠建初元年)",405
2032,"晉","東晉、十六國","甲辰","三年 (北魏拓跋珪天賜元年)",404
2031,"晉","東晉、十六國","癸卯","二年",403
2030,"晉","東晉、十六國","壬寅","元興元年 (南涼秃發薷檀弘昌元年)",402
2029,"晉","東晉、十六國","辛丑","五年 (後涼吕隆神鼎元年) (後燕慕容熙光始元年) (北涼沮渠蒙逊永安元年)",401
2028,"晉","東晉、十六國","庚子","四年 (南涼秃發利孤建和元年) (南燕慕容德建平元年) (西涼李暠庚子元年)",400
2027,"晉","東晉、十六國","己亥","三年 (後燕慕容盛長樂元年) (後秦姚興弘始元年) (北涼段業天璽元年) (後涼吕光承康元年) (後涼吕绍承康元年) (後涼吕纂咸寧元年)",399
2026,"晉","東晉、十六國","戊戌","二年 (後燕慕容盛建平元年) (南燕慕容德元年) (北魏拓跋珪天興元年)",398
2025,"晉","東晉、十六國","丁酉","晉安帝司馬德宗隆安元年",397
2023,"晉","東晉、十六國","乙未","二十年",395
2024,"晉","東晉、十六國","丙申","二十一 (後燕慕容宝永康元年)",396
2021,"晉","東晉、十六國","癸巳","十八年",393
2022,"晉","東晉、十六國","甲午","十九年 (前秦苻崇延初元年) (後秦姚興皇初元年)",394
2019,"晉","東晉、十六國","辛卯","十六年",391
2020,"晉","東晉、十六國","壬辰","十七年",392
2017,"晉","東晉、十六國","己丑","十四年 (後涼吕光麟嘉元年)",389
2018,"晉","東晉、十六國","庚寅","十五年",390
2016,"晉","東晉、十六國","戊子","十三年 (西秦乞伏乾歸太初元年)",388
2015,"晉","東晉、十六國","丁亥","十二年",387
2014,"晉","東晉、十六國","丙戌","十一年 (前秦苻登太初元年)",386
2013,"晉","東晉、十六國","乙酉","十年 (前秦苻丕太安元年) (西秦乞伏國仁建義元年)",385
2011,"晉","東晉、十六國","癸未","八年",383
2012,"晉","東晉、十六國","甲申","九年 (後燕慕容垂燕元元年) (後秦姚萇白雀元年)",384
2010,"晉","東晉、十六國","壬午","七年",382
2009,"晉","東晉、十六國","辛巳","六年",381
2008,"晉","東晉、十六國","庚辰","五年",380
2007,"晉","東晉、十六國","己卯","四年",379
2005,"晉","東晉、十六國","丁丑","二年",377
2006,"晉","東晉、十六國","戊寅","三年",378
2004,"晉","東晉、十六國","丙子","太元元年",376
2003,"晉","東晉、十六國","乙亥","三年",375
2002,"晉","東晉、十六國","甲戌","二年",374
2001,"晉","東晉、十六國","癸酉","晉孝武帝司馬曜寧康元年",373
2000,"晉","東晉、十六國","壬申","二年",372
1999,"晉","東晉、十六國","辛未","六年 晉简文帝司馬昱咸安元年",371
1998,"晉","東晉、十六國","庚午","五年",370
1996,"晉","東晉、十六國","戊辰","三年",368
1997,"晉","東晉、十六國","己巳","四年",369
1995,"晉","東晉、十六國","丁卯","二年",367
1994,"晉","東晉、十六國","丙寅","晉废帝司馬奕太和元年",366
1992,"晉","東晉、十六國","甲子","二年",364
1993,"晉","東晉、十六國","乙丑","三年 (前秦苻堅建元元年)",365
1991,"晉","東晉、十六國","癸亥","二年 (前涼張天錫太清元年興寧元年)",363
1990,"晉","東晉、十六國","壬戌","晉哀帝司馬丕隆和元年",362
1989,"晉","東晉、十六國","辛酉","五年",361
1987,"晉","東晉、十六國","己未","三年 (前秦苻堅甘露元年)",359
1988,"晉","東晉、十六國","庚申","四年 (前燕慕容〈日韦〉建熙元年)",360
1986,"晉","東晉、十六國","戊午","二年",358
1985,"晉","東晉、十六國","丁巳","昇平元年 (前秦苻堅永興元年) (前燕慕容儁光壽元年)",357
1984,"晉","東晉、十六國","丙辰","十二年",356
1982,"晉","東晉、十六國","甲寅","十年 (前涼張祚和平元年)",354
1983,"晉","東晉、十六國","乙卯","十一年 (前秦苻生壽光元年) (前涼張玄靓太始元年)",355
1981,"晉","東晉、十六國","癸丑","九年",353
1980,"晉","東晉、十六國","壬子","八年 (前燕慕容儁元璽元年)",352
1978,"晉","東晉、十六國","庚戌","六年 (後趙石祗永寧元年)",350
1979,"晉","東晉、十六國","辛亥","七年 (前秦苻健皇始元年)",351
1976,"晉","東晉、十六國","戊申","四年",348
1977,"晉","東晉、十六國","己酉","五年 (後趙石虎太寧元年)",349
1975,"晉","東晉、十六國","丁未","三年",347
1974,"晉","東晉、十六國","丙午","二年 (漢李势嘉寧元年) (前涼張重華永樂元年)",346
1973,"晉","東晉、十六國","乙巳","晉穆帝司馬聃永和元年",345
1972,"晉","東晉、十六國","甲辰","二年 (漢李势太和元年)",344
1971,"晉","東晉、十六國","癸卯","晉康帝司馬岳建元元年",343
1969,"晉","東晉、十六國","辛丑","七年",341
1970,"晉","東晉、十六國","壬寅","八年",342
1967,"晉","東晉、十六國","己亥","五年",339
1968,"晉","東晉、十六國","庚子","六年",340
1966,"晉","東晉、十六國","戊戌","四年 (漢李壽漢興元年)",338
1964,"晉","東晉、十六國","丙申","二年",336
1965,"晉","東晉、十六國","丁酉","三年 (前燕慕容皝元年)",337
1963,"晉","東晉、十六國","乙未","咸康元年 (後趙石虎建武元年) (成李期玉恒元年)",335
1962,"晉","東晉、十六國","甲午","九年 (成李班玉衡二十四年)",334
1961,"晉","東晉、十六國","癸巳","八年 (後趙石弘延熙元年)",333
1960,"晉","東晉、十六國","壬辰","七年",332
1959,"晉","東晉、十六國","辛卯","六年",331
1958,"晉","東晉、十六國","庚寅","五年 (後趙石勒建平元年)",330
1957,"晉","東晉、十六國","己丑","四年",329
1956,"晉","東晉、十六國","戊子","三年 (後趙石勒太和元年)",328
1955,"晉","東晉、十六國","丁亥","二年",327
1954,"晉","東晉、十六國","丙戌","四年 晉成帝司馬衍咸和元年",326
1953,"晉","東晉、十六國","乙酉","三年",325
1952,"晉","東晉、十六國","甲申","二年 (前涼張骏太元元年)",324
1951,"晉","東晉、十六國","癸未","二年 晉明帝司馬绍太寧元年",323
1950,"晉","東晉、十六國","壬午","永昌元年",322
1949,"晉","東晉、十六國","辛巳","四年",321
1948,"晉","東晉、十六國","庚辰","三年 (前涼張茂永元元年)",320
1947,"晉","東晉、十六國","己卯","二年 (後趙石勒元年)",319
1945,"晉","東晉、十六國","丁丑","晉元帝司馬睿建武元年",317
1946,"晉","東晉、十六國","戊寅","二年(漢劉粲漢昌元年 (大興元年) (前趙劉曜光初元年)",318
1944,"晉","西晉","丙子","四年 (漢劉聪麟嘉元年)",316
1943,"晉","西晉","乙亥","三年 (漢劉聪建元元年)",315
1942,"晉","西晉","甲戌","二年 (前涼張實永安元年)",314
1941,"晉","西晉","癸酉","七年 晉愍帝司馬邺建興元年",313
1940,"晉","西晉","壬申","六年",312
1939,"晉","西晉","辛未","五年 (成李雄玉衡元年) (漢劉聪嘉平元年)",311
1938,"晉","西晉","庚午","四年 (漢劉聪光興元年)",310
1937,"晉","西晉","己巳","三年 (漢劉渊河瑞元年)",309
1935,"晉","西晉","丁卯","晉怀帝司馬炽永嘉元年",307
1936,"晉","西晉","戊辰","二年 (漢劉渊永鳳元年)",308
1934,"晉","西晉","丙寅","三年 (成李雄晏平元年 光熙元年)",306
1933,"晉","西晉","乙丑","二年",305
1931,"晉","西晉","癸亥","二年 (成李特建初元年)",303
1932,"晉","西晉","甲子","永安元年 (成李雄建興元年)",304
1930,"晉","西晉","壬戌","二年 太安元年",302
1929,"晉","西晉","辛酉","二年 永寧元年",301
1926,"晉","西晉","戊午","八年",298
1927,"晉","西晉","己未","九年",299
1928,"晉","西晉","庚申","永康元年",300
1922,"晉","西晉","甲寅","四年",294
1923,"晉","西晉","乙卯","五年",295
1924,"晉","西晉","丙辰","六年",296
1925,"晉","西晉","丁巳","七年",297
1919,"晉","西晉","辛亥","元年",291
1920,"晉","西晉","壬子","二年",292
1921,"晉","西晉","癸丑","三年",293
1916,"晉","西晉","戊申","九年",288
1917,"晉","西晉","己酉","十年",289
1918,"晉","西晉","庚戌","元年",290
1914,"晉","西晉","丙午","七年",286
1915,"晉","西晉","丁未","八年",287
1913,"晉","西晉","乙巳","六年",285
1912,"晉","西晉","甲辰","五年",284
1910,"晉","西晉","壬寅","三年",282
1911,"晉","西晉","癸卯","四年",283
1909,"晉","西晉","辛丑","二年",281
1907,"晉","西晉","己亥","五年 (三年)",279
1908,"晉","西晉","庚子","六年 (四年) 太康元年",280
1906,"晉","西晉","戊戌","四年 (二年)",278
1904,"晉","西晉","丙申","二年 (吴末帝孫皓天璽元年)",276
1905,"晉","西晉","丁酉","三年 (吴末帝孫皓天紀元年)",277
1903,"晉","西晉","乙未","咸寧元年 (吴末帝孫皓天册元年)",275
1901,"晉","西晉","癸巳","九年 (二年)",273
1902,"晉","西晉","甲午","十年 (三年)",274
1900,"晉","西晉","壬辰","八年 (吴末帝孫皓鳳凰元年)",272
1899,"晉","西晉","辛卯","七年 (三年)",271
1898,"晉","西晉","庚寅","六年 (二年)",270
1897,"晉","西晉","己丑","五年 (四年) (吴末帝孫皓建衡元年)",269
1896,"晉","西晉","戊子","四年 (三年)",268
1895,"晉","西晉","丁亥","三年 (二年)",267
1894,"晉","西晉","丙戌","二年 (二年) (吴末帝孫皓宝鼎元年)",266
1893,"晉","西晉","乙酉","晉元帝司馬炎泰始元年 (吴末帝孫皓甘露元年)",265
2042,"晉","東晉、十六國","甲寅","十年 (北魏拓跋嗣神瑞元年)",414
2043,"晉","東晉、十六國","乙卯","十一年",415
2044,"晉","東晉、十六國","丙辰","十二年 (後秦姚泓永和元年) (北魏拓跋嗣泰常元年)",416
2045,"晉","東晉、十六國","丁巳","十三年 (西涼李歆嘉興元年)",417
2046,"晉","東晉、十六國","戊午","十四年 (夏赫连勃勃昌武元年)",418
2047,"晉","東晉、十六國","己未","元熙元年 (夏赫连勃勃真興元年)",419
2048,"晉","東晉、十六國","庚申","二年 (西秦乞伏炽磐建弘元年) (西涼李洵永建元年)",420
2049,"南北朝","","庚申","宋武帝劉裕永初元年 (北魏明元帝拓跋嗣泰常五年)",420
2050,"南北朝","","辛酉","二年 (六年)",421
2051,"南北朝","","壬戌","三年 (七年)",422
2052,"南北朝","","癸亥","宋少帝劉義符景平元年 (八年)",423
2053,"南北朝","","甲子","二年 (北魏太武帝拓跋燾始光元年) 宋文帝劉義隆嘉元元年",424
2054,"南北朝","","乙丑","二年 (二年) (夏赫连昌承光元年)",425
2055,"南北朝","","丙寅","三年 (三年)",426
2056,"南北朝","","丁卯","四年 (四年)",427
2057,"南北朝","","戊辰","五年 (五年) (北魏太武帝拓跋燾神麚元年) (夏赫连定胜光元年) (西秦乞伏幕末永弘元年) (北涼沮渠蒙遜承玄元年)",428
2058,"南北朝","","己巳","六年 (二年)",429
2059,"南北朝","","庚午","七年 (三年)",430
2060,"南北朝","","辛未","八年 (四年) (北燕馮弘太興元年) (北涼沮渠蒙遜義和元年)",431
2061,"南北朝","","壬申","九年 (北魏太武帝拓跋燾延和元年)",432
2062,"南北朝","","癸酉","十年 (二年) (北涼沮渠牧犍永和元年)",433
2063,"南北朝","","甲戌","十一年 (三年)",434
2064,"南北朝","","乙亥","十二年 (北魏太武帝拓跋燾太延元年)",435
2065,"南北朝","","丙子","十三年 (二年)",436
2066,"南北朝","","丁丑","十四年 (三年)",437
2067,"南北朝","","戊寅","十五年 (四年)",438
2068,"南北朝","","己卯","十六年 (五年)",439
2069,"南北朝","","庚辰","十七年 (六年) (北魏太武帝拓跋燾太平真君元年)",440
2070,"南北朝","","辛巳","十八年 (二年)",441
2071,"南北朝","","壬午","十九年 (三年)",442
2072,"南北朝","","癸未","二十年 (四年) (北涼 沮渠无讳 承平元年)",443
2073,"南北朝","","甲申","二十一年 (五年)",444
2074,"南北朝","","乙酉","二十二年 (六年) (北涼 沮渠安周承平 三年)",445
2075,"南北朝","","丙戌","二十三年 (七年)",446
2076,"南北朝","","丁亥","二十四年 (八年)",447
2077,"南北朝","","戊子","二十五年 (九年)",448
2078,"南北朝","","己丑","二十六年 (十年)",449
2079,"南北朝","","庚寅","二十七年 (十一年)",450
2080,"南北朝","","辛卯","二十八年 (十二年) (北魏太武帝拓跋燾正平元年)",451
2081,"南北朝","","壬辰","二十九年 (二年) (北魏南安王拓跋余承平元年) (北魏文成帝拓跋浚興安元年)",452
2082,"南北朝","","癸巳","三十年 (二年) 宋劉劭太初元年",453
2083,"南北朝","","甲午","宋孝武帝劉駿孝建元年 (三年) (北魏文成帝拓跋浚興光元年)",454
2084,"南北朝","","乙未","二年 (二年) (北魏文成帝拓跋浚太安元年)",455
2085,"南北朝","","丙申","三年 (二年)",456
2086,"南北朝","","丁酉","大明元年 (三年)",457
2087,"南北朝","","戊戌","二年 (四年)",458
2088,"南北朝","","己亥","三年 (五年)",459
2089,"南北朝","","庚子","四年 (北魏文成帝拓跋浚和平元年)",460
2090,"南北朝","","辛丑","五年 (二年)",461
2091,"南北朝","","壬寅","六年 (三年)",462
2092,"南北朝","","癸卯","七年 (四年)",463
2093,"南北朝","","甲辰","八年 (五年)",464
2094,"南北朝","","乙巳","宋前廢帝劉子業永光元年 (六年) 景和元年 宋明帝劉彧泰始元年",465
2095,"南北朝","","丙午","二年 (北魏献文帝拓跋弘天安元年)",466
2096,"南北朝","","丁未","三年 (二年) (北魏献文帝拓跋弘皇興元年)",467
2097,"南北朝","","戊申","四年 (二年)",468
2098,"南北朝","","己酉","五年 (三年)",469
2099,"南北朝","","庚戌","六年 (四年)",470
2100,"南北朝","","辛亥","七年 (五年) (北魏孝文帝元宏延興元年)",471
2101,"南北朝","","壬子","泰豫元年 (二年)",472
2102,"南北朝","","癸丑","宋後廢帝劉昱元徽元年 (三年)",473
2103,"南北朝","","甲寅","二年 (四年)",474
2104,"南北朝","","乙卯","三年 (五年)",475
2105,"南北朝","","丙辰","四年 (六年) (北魏孝文帝元宏承明元年)",476
2106,"南北朝","","丁巳","五年 (北魏孝文帝元宏太和元年) 宋順帝劉准昇明元年",477
2107,"南北朝","","戊午","二年 (二年)",478
2108,"南北朝","","己未","三年 (三年) 齊高帝蕭道成建元元年",479
2109,"南北朝","","庚申","二年 (四年)",480
2110,"南北朝","","辛酉","三年 (五年)",481
2111,"南北朝","","壬戌","四年 (六年)",482
2112,"南北朝","","癸亥","齊武帝蕭赜 永明元年 (七年)",483
2113,"南北朝","","甲子","二年 (八年)",484
2114,"南北朝","","乙丑","三年 (九年)",485
2115,"南北朝","","丙寅","四年 (十年)",486
2116,"南北朝","","丁卯","五年 (十一年)",487
2117,"南北朝","","戊辰","六年 (十二年)",488
2118,"南北朝","","己巳","七年 (十三年)",489
2119,"南北朝","","庚午","八年 (十四年)",490
2120,"南北朝","","辛未","九年 (十五年)",491
2121,"南北朝","","壬申","十年 (十六年)",492
2122,"南北朝","","癸酉","十一年 (十七年)",493
2123,"南北朝","","甲戌","齊郁林王蕭昭業 隆昌元年 (十八年) 齊海陵王蕭昭文 延興元年 齊明帝蕭鸾 建武元年",494
2124,"南北朝","","乙亥","二年 (十九年)",495
2125,"南北朝","","丙子","三年 (二十年)",496
2126,"南北朝","","丁丑","四年 (二十一)",497
2127,"南北朝","","戊寅","五年 (二十二) 永泰元年",498
2128,"南北朝","","己卯","齊東昏侯蕭寶卷永元元年 (二十三年)",499
2129,"南北朝","","庚辰","二年 (北魏宣武帝元恪景明元年)",500
2130,"南北朝","","辛巳","三年 (二年) 齊和帝蕭寶融中興元年",501
2131,"南北朝","","壬午","二年 (三年) 梁武帝蕭衍天監元年",502
2132,"南北朝","","癸未","二年 (四年)",503
2133,"南北朝","","甲申","三年 (北魏宣武帝元恪正始元年)",504
2134,"南北朝","","乙酉","四年 (二年)",505
2135,"南北朝","","丙戌","五年 (三年)",506
2136,"南北朝","","丁亥","六年 (四年)",507
2137,"南北朝","","戊子","七年 (五年) (北魏宣武帝元恪永平元年)",508
2138,"南北朝","","己丑","八年 (二年)",509
2139,"南北朝","","庚寅","九年 (三年)",510
2140,"南北朝","","辛卯","十年 (四年)",511
2141,"南北朝","","壬辰","十一年 (五年) (北魏宣武帝元恪延昌元年)",512
2142,"南北朝","","癸巳","十二年 (二年)",513
2143,"南北朝","","甲午","十三年 (三年)",514
2144,"南北朝","","乙未","十四年 (四年)",515
2145,"南北朝","","丙申","十五年 (北魏孝明帝元詡熙平元年)",516
2146,"南北朝","","丁酉","十六年 (二年)",517
2147,"南北朝","","戊戌","十七年 (三年) (北魏孝明帝元詡神龜元年)",518
2148,"南北朝","","己亥","十八年 (二年)",519
2149,"南北朝","","庚子","普通元年 (三年) (北魏孝明帝元詡正光元年)",520
2150,"南北朝","","辛丑","二年 (二年)",521
2151,"南北朝","","壬寅","三年 (三年)",522
2152,"南北朝","","癸卯","四年 (四年)",523
2153,"南北朝","","甲辰","五年 (五年)",524
2154,"南北朝","","乙巳","六年 (六年) (北魏孝明帝元詡孝昌元年)",525
2155,"南北朝","","丙午","七年 (二年)",526
2156,"南北朝","","丁未","八年 (三年) 大通元年",527
2157,"南北朝","","戊申","二年 (北魏孝明帝元詡武泰元年) (北魏孝庄帝元子攸 建義元年) (北魏孝庄帝元子攸 永安元年)",528
2158,"南北朝","","己酉","三年 (二年) 中大通元年",529
2159,"南北朝","","庚戌","二年 (三年) (北魏東海王元晔建明元年)",530
2160,"南北朝","","辛亥","三年 (二年) (北魏节閔帝元恭普泰元年)",531
2161,"南北朝","","壬子","四年 (二年) (北魏孝武帝元修太昌元年) (北魏孝武帝元修 永興元年) (北魏孝武帝元修 永熙元年)",532
2162,"南北朝","","癸丑","五年 (二年)",533
2163,"南北朝","","甲寅","六年 (三年) (東魏孝静帝元善見天平元年)",534
2164,"南北朝","","乙卯","大同元年 (西魏文帝元寶炬大统元年)",535
2165,"南北朝","","丙辰","二年",536
2166,"南北朝","","丁巳","三年",537
2167,"南北朝","","戊午","四年 (東魏孝静帝元善見元象元年)",538
2168,"南北朝","","己未","五年 (東魏孝静帝元善見興和元年)",539
2169,"南北朝","","庚申","六年",540
2170,"南北朝","","辛酉","七年",541
2171,"南北朝","","壬戌","八年",542
2172,"南北朝","","癸亥","九年 (東魏孝静帝元善見武定元年)",543
2173,"南北朝","","甲子","十年",544
2174,"南北朝","","乙丑","十一年",545
2175,"南北朝","","丙寅","十二年 中大同元年",546
2176,"南北朝","","丁卯","二年 太清元年",547
2177,"南北朝","","戊辰","二年 梁临賀王蕭正德正平元年",548
2178,"南北朝","","己巳","二年 太清三年",549
2179,"南北朝","","庚午","梁简文帝蕭綱大寶元年 (北齊文宣帝高洋天保元年)",550
2180,"南北朝","","辛未","二年 梁豫章王蕭栋 天正元年",551
2181,"南北朝","","壬申","梁武陵王蕭紀天正二年 (西魏廢帝元钦元年) 梁元帝蕭繹承圣元年",552
2182,"南北朝","","癸酉","二年",553
2183,"南北朝","","甲戌","三年 (西魏恭帝拓跋廓元年)",554
2184,"南北朝","","乙亥","四年 梁建安公蕭渊明天成元年 梁敬帝蕭方智紹泰元年",555
2185,"南北朝","","丙子","二年",556
2186,"南北朝","","丁丑","太平元年 (北周閔帝宇文覺元年) (北周明帝宇文毓元年) 陳武帝陳霸先永定元年",557
2187,"南北朝","","戊寅","二年",558
2188,"南北朝","","己卯","三年 (北周明帝宇文毓武成元年)",559
2189,"南北朝","","庚辰","陳文帝陳蒨 天嘉元年 (北齊廢帝高殷乾明元年) (北齊孝昭帝高演皇建元年)",560
2190,"南北朝","","辛巳","二年 (北周武帝宇文邕保定元年) (北齊武成帝高湛太寧元年)",561
2191,"南北朝","","壬午","三年 (北齊武成帝高湛河清元年)",562
2192,"南北朝","","癸未","四年",563
2193,"南北朝","","甲申","五年",564
2194,"南北朝","","乙酉","六年 (北齊後主高緯天统元年)",565
2195,"南北朝","","丙戌","七年 (北周武帝宇文邕天和元年) 天康元年",566
2196,"南北朝","","丁亥","陳廢帝陳伯宗光大元年",567
2197,"南北朝","","戊子","二年",568
2198,"南北朝","","己丑","陳宣帝陳顼太建元年",569
2199,"南北朝","","庚寅","二年 (北齊後主高緯武平元年)",570
2200,"南北朝","","辛卯","三年",571
2201,"南北朝","","壬辰","四年 (北周武帝宇文邕建德元年)",572
2202,"南北朝","","癸巳","五年",573
2203,"南北朝","","甲午","六年",574
2204,"南北朝","","乙未","七年",575
2205,"南北朝","","丙申","八年 (北齊後主高緯隆化元年) (北齊高延宗德昌元年)",576
2206,"南北朝","","丁酉","九年 (北齊幼主高恒承光元年) (北齊高紹義武平元年)",577
2207,"南北朝","","戊戌","十年 (北周武帝宇文邕宣政元年)",578
2208,"南北朝","","己亥","十一年 (北周宣帝宇文齑大成元年) (北周静帝宇文衍大象元年)",579
2209,"南北朝","","庚子","十二年",580
2210,"南北朝","","辛丑","十三年 (北周静帝宇文衍大定元年)",581
2211,"南北朝","","壬寅","十四年",582
2212,"南北朝","","癸卯","陳後主陳叔寶至德元年",583
2213,"南北朝","","甲辰","二年",584
2214,"南北朝","","乙巳","三年",585
2215,"南北朝","","丙午","四年",586
2216,"南北朝","","丁未","禎明元年",587
2217,"南北朝","","戊申","二年",588
2218,"南北朝","","己酉","三年",589
2220,"隋","","辛丑","隋文帝楊堅 開皇元年",581
2221,"隋","","壬寅","二年",582
2222,"隋","","癸卯","三年",583
2223,"隋","","甲辰","四年",584
2224,"隋","","乙巳","五年",585
2225,"隋","","丙午","六年",586
2226,"隋","","丁未","七年",587
2227,"隋","","戊申","八年",588
2228,"隋","","己酉","九年",589
2229,"隋","","庚戌","十年",590
2230,"隋","","辛亥","十一年",591
2231,"隋","","壬子","十二年",592
2232,"隋","","癸丑","十三年",593
2233,"隋","","甲寅","十四年",594
2234,"隋","","乙卯","十五年",595
2235,"隋","","丙辰","十六年",596
2236,"隋","","丁巳","十七年",597
2237,"隋","","戊午","十八年",598
2238,"隋","","己未","十九年",599
2239,"隋","","庚申","二十年",600
2240,"隋","","辛酉","仁壽元年",601
2241,"隋","","壬戌","二年",602
2242,"隋","","癸亥","三年",603
2243,"隋","","甲子","四年",604
2244,"隋","","乙丑","隋煬帝楊廣 大業元年",605
2245,"隋","","丙寅","二年",606
2246,"隋","","丁卯","三年",607
2247,"隋","","戊辰","四年",608
2248,"隋","","己巳","五年",609
2249,"隋","","庚午","六年",610
2250,"隋","","辛未","七年",611
2251,"隋","","壬申","八年",612
2252,"隋","","癸酉","九年",613
2253,"隋","","甲戌","十年",614
2254,"隋","","乙亥","十一年",615
2255,"隋","","丙子","十二年",616
2256,"隋","","丁丑","十三年",617
2257,"隋","","戊寅","十四年",618
3072,"唐","","乙丑","五年",845
3071,"唐","","甲子","四年",844
3070,"唐","","癸亥","三年",843
3069,"唐","","壬戌","二年",842
3068,"唐","","辛酉","唐武宗李炎會昌元年",841
3067,"唐","","庚申","五年",840
3066,"唐","","己未","四年",839
3065,"唐","","戊午","三年",838
3064,"唐","","丁巳","二年",837
3061,"唐","","甲寅","八年",834
3062,"唐","","乙卯","九年",835
3063,"唐","","丙辰","開成元年",836
3060,"唐","","癸丑","七年",833
3059,"唐","","壬子","六年",832
3058,"唐","","辛亥","五年",831
3057,"唐","","庚戌","四年",830
3056,"唐","","己酉","三年",829
3055,"唐","","戊申","二年",828
3054,"唐","","丁未","三年 唐文宗李昂大和元年",827
3053,"唐","","丙午","二年",826
3052,"唐","","乙巳","唐敬宗李湛寶歷元年",825
3051,"唐","","甲辰","四年",824
3050,"唐","","癸卯","三年",823
3049,"唐","","壬寅","二年",822
3048,"唐","","辛丑","唐穆宗李恒長慶元年",821
3047,"唐","","庚子","十五年",820
3046,"唐","","乙亥","十四年",819
3045,"唐","","戊戌","十三年",818
3044,"唐","","丁酉","十二年",817
3043,"唐","","丙申","十一年",816
3042,"唐","","乙未","十年",815
3041,"唐","","甲午","九年",814
3040,"唐","","癸巳","八年",813
3039,"唐","","壬辰","七年",812
3038,"唐","","辛卯","六年",811
3037,"唐","","庚寅","五年",810
3036,"唐","","己丑","四年",809
3035,"唐","","戊子","三年",808
3034,"唐","","丁亥","二年",807
3033,"唐","","丙戌","唐宪宗李純元和元年",806
3031,"唐","","甲申","二十年",804
3032,"唐","","乙酉","二十一年 唐順宗李誦永貞元年",805
3030,"唐","","癸未","十九年",803
3029,"唐","","壬午","十八年",802
3028,"唐","","辛巳","十七年",801
3027,"唐","","庚辰","十六年",800
3025,"唐","","戊寅","十四年",798
3026,"唐","","乙卯","十五年",799
3024,"唐","","丁丑","十三年",797
3023,"唐","","丙子","十二年",796
3022,"唐","","乙亥","十一年",795
3021,"唐","","甲戌","十年",794
3020,"唐","","癸酉","九年",793
3019,"唐","","壬申","八年",792
3018,"唐","","辛未","七年",791
3017,"唐","","庚午","六年",790
3015,"唐","","戊辰","四年",788
3016,"唐","","己巳","五年",789
3014,"唐","","丁卯","三年",787
3013,"唐","","丙寅","二年",786
3011,"唐","","甲子","興元元年",784
3012,"唐","","乙丑","貞元元年",785
3008,"唐","","辛酉","二年",781
3009,"唐","","壬戌","三年",782
3010,"唐","","癸亥","四年",783
3007,"唐","","庚申","唐德宗李適 建中元年",780
3006,"唐","","己未","十四年",779
3005,"唐","","戊午","十三年",778
3004,"唐","","丁巳","十二年",777
3003,"唐","","丙辰","十一年",776
3002,"唐","","乙卯","十年",775
2999,"唐","","壬子","七年",772
3000,"唐","","癸丑","八年",773
3001,"唐","","甲寅","九年",774
2997,"唐","","庚戌","五年",770
2998,"唐","","辛亥","六年",771
2996,"唐","","己酉","四年",769
2995,"唐","","戊申","三年",768
2994,"唐","","丁未","二年",767
2993,"唐","","丙午","二年 大歷元年",766
2992,"唐","","乙巳","永泰元年",765
2991,"唐","","甲辰","二年",764
2990,"唐","","癸卯","二年 廣德元年",763
2989,"唐","","壬寅","唐代宗李豫寶應元年",762
2988,"唐","","辛丑","二年",761
2987,"唐","","庚子","三年 上元元年",760
2985,"唐","","戊戌","三年 乾元元年",758
2986,"唐","","己亥","二年",759
2984,"唐","","丁酉","二年",757
2983,"唐","","丙申","十五年 唐肅宗李亨至德元年",756
2982,"唐","","乙未","十四年",755
2980,"唐","","癸巳","十二年",753
2981,"唐","","甲午","十三年",754
2979,"唐","","壬辰","十一年",752
2978,"唐","","辛卯","十年",751
2977,"唐","","庚寅","九年",750
2976,"唐","","己丑","八年",749
2975,"唐","","戊子","七年",748
2974,"唐","","丁亥","六年",747
2973,"唐","","丙戌","五年",746
2972,"唐","","乙酉","四年",745
2971,"唐","","甲申","三年",744
2970,"唐","","癸未","二年",743
2969,"唐","","壬午","天寶元年",742
2968,"唐","","辛巳","二十九年",741
2967,"唐","","庚辰","二十八年",740
2966,"唐","","乙卯","二十七年",739
2965,"唐","","戊寅","二十六年",738
2964,"唐","","丁丑","二十五年",737
2963,"唐","","丙子","二十四年",736
2962,"唐","","乙亥","二十三年",735
2961,"唐","","甲戌","二十二年",734
2960,"唐","","癸酉","二十一年",733
2959,"唐","","壬申","二十年",732
2958,"唐","","辛未","十九年",731
2957,"唐","","庚午","十八年",730
2956,"唐","","己巳","十七年",729
2955,"唐","","戊辰","十六年",728
2954,"唐","","丁卯","十五年",727
2953,"唐","","丙寅","十四年",726
2952,"唐","","乙丑","十三年",725
2951,"唐","","甲子","十二年",724
2950,"唐","","癸亥","十一年",723
2949,"唐","","壬戌","十年",722
2948,"唐","","辛酉","九年",721
2947,"唐","","庚申","八年",720
2946,"唐","","己未","七年",719
2945,"唐","","戊午","六年",718
2944,"唐","","丁巳","五年",717
2943,"唐","","丙辰","四年",716
2942,"唐","","乙卯","三年",715
2941,"唐","","甲寅","二年",714
2940,"唐","","癸丑","二年 開元元年",713
2939,"唐","","壬子","太极元年 延和元年 唐玄宗李隆基先天元年",712
2938,"唐","","辛亥","二年",711
2937,"唐","","庚戌","四年 唐殇帝李重茂唐隆元年 唐睿宗李旦景雲元年",710
2936,"唐","","己酉","三年",709
2935,"唐","","戊申","二年",708
2934,"唐","","丁未","三年 景龍元年",707
2933,"唐","","丙午","二年",706
2932,"唐","","乙巳","唐中宗李顯恢復唐國号 神龍元年",705
2931,"唐","","甲辰","四年",704
2930,"唐","","癸卯","三年",703
2929,"唐","","壬寅","二年",702
2928,"唐","","辛丑","大足元年 長安元年",701
2927,"唐","","庚子","三年 久視元年",700
2926,"唐","","己亥","二年",699
2925,"唐","","戊戌","圣歷元年",698
2924,"唐","","丁酉","二年 神功元年",697
2923,"唐","","丙申","万歲登封元年 万歲通天元年",696
2922,"唐","","乙未","證圣元年 天册万歲元年",695
2921,"唐","","甲午","三年 延載元年",694
2920,"唐","","癸巳","二年",693
2919,"唐","","壬辰","三年 如意元年 長壽元年",692
2918,"唐","","辛卯","二年",691
2917,"唐","","庚寅","武后称帝改國号为周 天授元年",690
2916,"唐","","己丑","永昌元年 載初元年",689
2915,"唐","","戊子","四年",688
2914,"唐","","丁亥","三年",687
2913,"唐","","丙戌","二年",686
2912,"唐","","乙酉","垂拱元年",685
2911,"唐","","甲申","唐中宗李顯嗣圣元年唐睿宗李旦文明元年唐武則天光宅元年",684
2910,"唐","","癸未","二年 弘道元年",683
2909,"唐","","壬午","二年 永淳元年",682
2908,"唐","","辛巳","二年 開耀元年",681
2907,"唐","","庚辰","二年 永隆元年",680
2906,"唐","","乙卯","四年 調露元年",679
2905,"唐","","戊寅","三年",678
2904,"唐","","丁丑","二年",677
2903,"唐","","丙子","三年 儀鳳元年",676
2902,"唐","","乙亥","二年",675
2901,"唐","","甲戌","五年 上元元年",674
2900,"唐","","癸酉","四年",673
2899,"唐","","壬申","三年",672
2898,"唐","","辛未","二年",671
2897,"唐","","庚午","三年 咸亨元年",670
2896,"唐","","己巳","二年",669
2895,"唐","","戊辰","總章元年",668
2894,"唐","","丁卯","二年",667
2893,"唐","","丙寅","乾封元年",666
2892,"唐","","乙丑","二年",665
2891,"唐","","甲子","麟德元年",664
2890,"唐","","癸亥","三年",663
2889,"唐","","壬戌","二年",662
2888,"唐","","辛酉","六年 龍朔元年",661
2887,"唐","","庚申","五年",660
2886,"唐","","己未","四年",659
2885,"唐","","戊午","三年",658
2884,"唐","","丁巳","二年",657
2883,"唐","","丙辰","顯慶元年",656
2882,"唐","","乙卯","六年",655
2881,"唐","","甲寅","五年",654
2880,"唐","","癸丑","四年",653
2879,"唐","","壬子","三年",652
2878,"唐","","辛亥","二年",651
2877,"唐","","庚戌","唐高宗李治 永徽元年",650
2876,"唐","","己酉","二十三年",649
2875,"唐","","戊申","二十二年",648
2874,"唐","","丁未","二十一年",647
2873,"唐","","丙午","二十年",646
2872,"唐","","乙巳","十九年",645
2871,"唐","","甲辰","十八年",644
2870,"唐","","癸卯","十七年",643
2869,"唐","","壬寅","十六年",642
2868,"唐","","辛丑","十五年",641
2867,"唐","","庚子","十四年",640
2866,"唐","","己亥","十三年",639
2865,"唐","","戊戌","十二年",638
2864,"唐","","丁酉","十一年",637
2863,"唐","","丙申","十年",636
2862,"唐","","乙未","九年",635
2861,"唐","","甲午","八年",634
2860,"唐","","癸巳","七年",633
2859,"唐","","壬辰","六年",632
2858,"唐","","辛卯","五年",631
2857,"唐","","庚寅","四年",630
2856,"唐","","己丑","三年",629
2855,"唐","","戊子","二年",628
2854,"唐","","丁亥","唐太宗李世民 貞觀元年",627
2853,"唐","","丙戌","九年",626
2852,"唐","","乙酉","八年",625
2851,"唐","","甲申","七年",624
2850,"唐","","癸未","六年",623
2849,"唐","","壬午","五年",622
2848,"唐","","辛巳","四年",621
2847,"唐","","庚辰","三年",620
2846,"唐","","乙卯","二年",619
2845,"唐","","戊寅","唐高祖李淵武德元年",618
3073,"唐","","丙寅","六年",846
3074,"唐","","丁卯","唐宣宗李忱大中元年",847
3075,"唐","","戊辰","二年",848
3076,"唐","","己巳","三年",849
3077,"唐","","庚午","四年",850
3078,"唐","","辛未","五年",851
3079,"唐","","壬申","六年",852
3080,"唐","","癸酉","七年",853
3081,"唐","","甲戌","八年",854
3082,"唐","","乙亥","九年",855
3083,"唐","","丙子","十年",856
3084,"唐","","丁丑","十一年",857
3085,"唐","","戊寅","十二年",858
3086,"唐","","乙卯","十三年",859
3087,"唐","","庚辰","大中十四年 唐懿宗李漼咸通元年",860
3088,"唐","","辛巳","二年",861
3089,"唐","","壬午","三年",862
3090,"唐","","癸未","四年",863
3091,"唐","","甲申","五年",864
3092,"唐","","乙酉","六年",865
3093,"唐","","丙戌","七年",866
3094,"唐","","丁亥","八年",867
3095,"唐","","戊子","九年",868
3096,"唐","","己丑","十年",869
3097,"唐","","庚寅","十一年",870
3098,"唐","","辛卯","十二年",871
3099,"唐","","壬辰","十三年",872
3100,"唐","","癸巳","十四年",873
3101,"唐","","甲午","十五年 唐僖宗李儇乾符元年",874
3102,"唐","","乙未","二年",875
3103,"唐","","丙申","三年",876
3104,"唐","","丁酉","四年",877
3105,"唐","","戊戌","五年",878
3106,"唐","","乙亥","六年",879
3107,"唐","","庚子","廣明元年",880
3108,"唐","","辛丑","二年 中和元年",881
3109,"唐","","壬寅","二年",882
3110,"唐","","癸卯","三年",883
3111,"唐","","甲辰","四年",884
3112,"唐","","乙巳","五年 光啟元年",885
3113,"唐","","丙午","二年",886
3114,"唐","","丁未","三年",887
3115,"唐","","戊申","四年 文德元年",888
3116,"唐","","己酉","唐昭宗李晔龍紀元年",889
3117,"唐","","庚戌","大順元年",890
3118,"唐","","辛亥","二年",891
3119,"唐","","壬子","景福元年",892
3120,"唐","","癸丑","二年",893
3121,"唐","","甲寅","乾寧元年",894
3122,"唐","","乙卯","二年",895
3123,"唐","","丙辰","三年",896
3124,"唐","","丁巳","四年",897
3125,"唐","","戊午","五年 光化元年",898
3126,"唐","","己未","二年",899
3127,"唐","","庚申","三年",900
3128,"唐","","辛酉","四年 天復元年",901
3129,"唐","","壬戌","二年",902
3130,"唐","","癸亥","三年",903
3131,"唐","","甲子","四年 天佑元年",904
3132,"唐","","乙丑","唐哀帝李柷天佑二年",905
3133,"唐","","丙寅","三年",906
3134,"唐","","丁卯","四年",907
3143,"五代","","己巳","三年 (吴楊隆演天祐六年)",909
3144,"五代","","庚午","四年",910
3196,"遼","","丁卯","遼太祖耶律阿保機元年",907
3142,"五代","","戊辰","二年 (吴越錢鏐天寶元年) (前蜀王建武成元年)",908
3141,"五代","","丁卯","後梁太祖朱晃 開平元年 (吴越錢鏐天祐四年) (吴楊渥天祐四年) (前蜀王建天復七年) (楚馬殷立) (南漢劉隱立) (闽王审知立) (南平高季興立)",907
3145,"五代","","辛未","五年 後梁太祖朱晃乾化元年 (前蜀王建永平元年)",911
3146,"五代","","壬申","二年",912
3147,"五代","","癸酉","三年 後梁末帝朱友瑱乾化 三年",913
3148,"五代","","甲戌","四年",914
3149,"五代","","乙亥","五年 貞明元年",915
3150,"五代","","丙子","二年 (遼耶律阿保機神册元年) (前蜀王建通正元年)",916
3151,"五代","","丁丑","三年 (前蜀王建天漢元年) (南漢劉龚乾亨元年)",917
3152,"五代","","戊寅","四年 (前蜀王建光天元年)",918
3153,"五代","","己卯","五年 (前蜀王衍乾德元年) (吴楊隆演武義元年)",919
3154,"五代","","庚辰","六年",920
3155,"五代","","辛巳","七年 (吴越錢鏐龍德元年) (吴楊溥武義三年) (吴楊溥順義元年)",921
3156,"五代","","壬午","二年 (遼耶律阿保機天赞元年)",922
3157,"五代","","癸未","三年 後唐莊宗李存勖同光元年",923
3158,"五代","","甲申","二年 (吴越錢鏐寶大元年)",924
3159,"五代","","乙酉","三年 (前蜀王衍咸康元年) (南漢劉龚白龍元年) (闽王延翰立) (後蜀孟知祥立)",925
3160,"五代","","丙戌","四年 後唐明宗李嗣源亶天成元年 (吴越錢鏐 寶正元年) (闽王延翰天成元年) (遼耶律阿保機天顯元年)",926
3161,"五代","","丁亥","二年 (遼耶律德光天顯二年) (闽王延鈞立) (吴楊溥乾貞元年)",927
3162,"五代","","戊子","三年 (南平高从誨立) (南漢劉龚大有元年)",928
3163,"五代","","己丑","四年 (吴楊溥大和元年)",929
3164,"五代","","庚寅","五年 (楚馬希声立) 長興元年",930
3165,"五代","","辛卯","二年",931
3166,"五代","","壬辰","三年 (吴越錢元衿立) (楚馬希范立)",932
3167,"五代","","癸巳","四年 (闽王延鈞龍启元年)",933
3168,"五代","","甲午","後唐閔帝李从厚應順元年 (後蜀孟知祥明德元年) 後唐末帝李从珂清泰元年",934
3169,"五代","","乙未","二年 (後蜀孟昶明德二年) (吴楊溥天祚元年) (闽王延鈞永和元年)",935
3170,"五代","","丙申","三年 (闽王昶通文元年) 後晋 高祖石敬瑭天福元年",936
3171,"五代","","丁酉","二年 (南唐李昪昇元元年)",937
3172,"五代","","戊戌","三年 (後蜀孟昶廣政元年) (遼耶律德光會同元年)",938
3173,"五代","","己亥","四年 (闽王曦永隆元年)",939
3174,"五代","","庚子","五年",940
3175,"五代","","辛丑","六年 (吴越錢弘佐立)",941
3176,"五代","","壬寅","七年 (南漢劉玢光天元年)",942
3177,"五代","","癸卯","後晋 出帝石重贵天福八年 (南漢劉晟應乾元年) (南漢劉晟乾和元年) (南唐李璟保大元年) (闽王延政天德元年)",943
3178,"五代","","甲辰","九年 開運元年",944
3179,"五代","","乙巳","二年",945
3180,"五代","","丙午","三年",946
3181,"五代","","丁未","後漢高祖劉暠天福十二年 (遼耶律德光大同元年) (遼耶律阮天祿元年) (吴越錢弘倧立) (楚馬希廣立)",947
3182,"五代","","戊申","乾祐元年 (南平高保融立) (吴越錢弘俶立)",948
3183,"五代","","己酉","後漢隱帝劉承祐乾祐二年",949
3184,"五代","","庚戌","三年 (楚馬希萼立)",950
3185,"五代","","辛亥","後周太祖郭威廣順元年 (遼耶律璟應历元年) (北漢劉旻 乾祐四年) (楚馬希崇立)",951
3186,"五代","","壬子","二年",952
3187,"五代","","癸丑","三年",953
3188,"五代","","甲寅","顯德元年",954
3189,"五代","","乙卯","後周 世宗柴荣顯德二年 (北漢劉鈞 乾祐八年)",955
3190,"五代","","丙辰","三年",956
3191,"五代","","丁巳","四年 (北漢劉鈞天會元年)",957
3192,"五代","","戊午","五年 (南漢劉飴大寶元年) (南唐李璟中興元年) (南唐李璟交泰元年)",958
3193,"五代","","己未","六年",959
3194,"五代","","庚申","恭帝柴宗訓顯德七年 (南平高保勖立)",960
3195,"五代","","辛酉","(南唐李煜立)",961
3197,"遼","","戊辰","二年",908
3198,"遼","","己巳","三年",909
3199,"遼","","庚午","四年",910
3200,"遼","","辛未","五年",911
3201,"遼","","壬申","六年",912
3202,"遼","","癸酉","七年",913
3203,"遼","","甲戌","八年",914
3204,"遼","","乙亥","九年",915
3205,"遼","","丙子","遼太祖耶律阿保機神册元年",916
3206,"遼","","丁丑","二年",917
3207,"遼","","戊寅","三年",918
3208,"遼","","己卯","四年",919
3209,"遼","","庚辰","五年",920
3210,"遼","","辛巳","六年",921
3211,"遼","","壬午","遼太祖耶律阿保機天赞元年",922
3212,"遼","","癸未","二年",923
3213,"遼","","甲申","三年",924
3214,"遼","","乙酉","四年元年",925
3215,"遼","","丙戌","遼太祖耶律阿保機天顯元年",926
3216,"遼","","丁亥","遼太宗耶律德光天顯二年",927
3217,"遼","","戊子","三年",928
3218,"遼","","己丑","四年",929
3219,"遼","","庚寅","五年",930
3220,"遼","","辛卯","六年",931
3221,"遼","","壬辰","七年",932
3222,"遼","","癸巳","八年",933
3223,"遼","","甲午","九年",934
3224,"遼","","乙未","十年",935
3225,"遼","","丙申","十一年",936
3226,"遼","","丁酉","十二年",937
3227,"遼","","戊戌","十三年 遼太宗耶律德光會同元年",938
3228,"遼","","己亥","二年",939
3229,"遼","","庚子","三年",940
3230,"遼","","辛丑","四年",941
3231,"遼","","壬寅","五年",942
3232,"遼","","癸卯","六年",943
3233,"遼","","甲辰","七年",944
3234,"遼","","乙巳","八年",945
3235,"遼","","丙午","九年",946
3236,"遼","","丁未","十年 遼太宗耶律德光大同元年 遼世宗耶律阮天祿元年",947
3237,"遼","","戊申","二年",948
3238,"遼","","己酉","三年",949
3239,"遼","","庚戌","四年",950
3240,"遼","","辛亥","五年 遼穆宗耶律璟應歷元年",951
3241,"遼","","壬子","二年",952
3242,"遼","","癸丑","三年",953
3243,"遼","","甲寅","四年",954
3244,"遼","","乙卯","五年",955
3245,"遼","","丙辰","六年",956
3246,"遼","","丁巳","七年",957
3247,"遼","","戊午","八年",958
3248,"遼","","己未","九年",959
3249,"遼","","庚申","十年",960
3250,"遼","","辛酉","十一年",961
3251,"遼","","壬戌","十二年",962
3252,"遼","","癸亥","十三年",963
3253,"遼","","甲子","十四年",964
3254,"遼","","乙丑","十五年",965
3255,"遼","","丙寅","十六年",966
3256,"遼","","丁卯","十七年",967
3257,"遼","","戊辰","十八年",968
3258,"遼","","己巳","十九年 遼景宗耶律賢保寧元年",969
3259,"遼","","庚午","二年",970
3260,"遼","","辛未","三年",971
3261,"遼","","壬申","四年",972
3262,"遼","","癸酉","五年",973
3263,"遼","","甲戌","六年",974
3264,"遼","","乙亥","七年",975
3265,"遼","","丙子","八年",976
3266,"遼","","丁丑","九年",977
3267,"遼","","戊寅","十年",978
3268,"遼","","己卯","十一年 遼景宗耶律賢乾亨元年",979
3269,"遼","","庚辰","二年",980
3270,"遼","","辛巳","三年",981
3271,"遼","","壬午","四年",982
3272,"遼","","癸未","五年 遼圣宗耶律隆緒統和元年",983
3273,"遼","","甲申","二年",984
3274,"遼","","乙酉","三年",985
3275,"遼","","丙戌","四年",986
3276,"遼","","丁亥","五年",987
3277,"遼","","戊子","六年",988
3278,"遼","","己丑","七年",989
3279,"遼","","庚寅","八年",990
3280,"遼","","辛卯","九年",991
3281,"遼","","壬辰","十年",992
3282,"遼","","癸巳","十一年",993
3283,"遼","","甲午","十二年",994
3284,"遼","","乙未","十三年",995
3285,"遼","","丙申","十四年",996
3286,"遼","","丁酉","十五年",997
3287,"遼","","戊戌","十六年",998
3288,"遼","","己亥","十七年",999
3289,"遼","","庚子","十八年",1000
3290,"遼","","辛丑","十九年",1001
3291,"遼","","壬寅","二十年",1002
3292,"遼","","癸卯","二十一年",1003
3293,"遼","","甲辰","二十二年",1004
3294,"遼","","乙巳","二十三年",1005
3295,"遼","","丙午","二十四年",1006
3296,"遼","","丁未","二十五年",1007
3297,"遼","","戊申","二十六年",1008
3298,"遼","","己酉","二十七年",1009
3299,"遼","","庚戌","二十八年",1010
3300,"遼","","辛亥","二十九年",1011
3301,"遼","","壬子","三十年 遼圣宗耶律隆緒開泰元年",1012
3302,"遼","","癸丑","二年",1013
3303,"遼","","甲寅","三年",1014
3304,"遼","","乙卯","四年",1015
3305,"遼","","丙辰","五年",1016
3306,"遼","","丁巳","六年",1017
3307,"遼","","戊午","七年",1018
3308,"遼","","己未","八年",1019
3309,"遼","","庚申","九年",1020
3310,"遼","","辛酉","十年 遼圣宗耶律隆緒太平元年",1021
3311,"遼","","壬戌","二年",1022
3312,"遼","","癸亥","三年",1023
3313,"遼","","甲子","四年",1024
3314,"遼","","乙丑","五年",1025
3315,"遼","","丙寅","六年",1026
3316,"遼","","丁卯","七年",1027
3317,"遼","","戊辰","八年",1028
3318,"遼","","己巳","九年",1029
3319,"遼","","庚午","十年",1030
3320,"遼","","辛未","十一年 遼兴宗耶律宗真景福元年",1031
3321,"遼","","壬申","二年 遼兴宗耶律宗真重熙元年",1032
3322,"遼","","癸酉","二年",1033
3323,"遼","","甲戌","三年",1034
3324,"遼","","乙亥","四年",1035
3325,"遼","","丙子","五年",1036
3326,"遼","","丁丑","六年",1037
3327,"遼","","戊寅","七年",1038
3328,"遼","","己卯","八年",1039
3329,"遼","","庚辰","九年",1040
3330,"遼","","辛巳","十年",1041
3331,"遼","","壬午","十一年",1042
3332,"遼","","癸未","十二年",1043
3333,"遼","","甲申","十三年",1044
3334,"遼","","乙酉","十四年",1045
3335,"遼","","丙戌","十五年",1046
3336,"遼","","丁亥","十六年",1047
3337,"遼","","戊子","十七年",1048
3338,"遼","","己丑","十八年",1049
3339,"遼","","庚寅","十九年",1050
3340,"遼","","辛卯","二十年",1051
3341,"遼","","壬辰","二十一年",1052
3342,"遼","","癸巳","二十二年",1053
3343,"遼","","甲午","二十三年",1054
3344,"遼","","乙未","二十四年 遼道宗耶律洪基清寧元年",1055
3345,"遼","","丙申","二年",1056
3346,"遼","","丁酉","三年",1057
3347,"遼","","戊戌","四年",1058
3348,"遼","","己亥","五年",1059
3349,"遼","","庚子","六年",1060
3350,"遼","","辛丑","七年",1061
3351,"遼","","壬寅","八年",1062
3352,"遼","","癸卯","九年",1063
3353,"遼","","甲辰","十年",1064
3354,"遼","","乙巳","遼道宗耶律洪基咸雍元年",1065
3355,"遼","","丙午","二年",1066
3356,"遼","","丁未","三年",1067
3357,"遼","","戊申","四年",1068
3358,"遼","","己酉","五年",1069
3359,"遼","","庚戌","六年",1070
3360,"遼","","辛亥","七年",1071
3361,"遼","","壬子","八年",1072
3362,"遼","","癸丑","九年",1073
3363,"遼","","甲寅","十年",1074
3364,"遼","","乙卯","遼道宗耶律洪基大康元年",1075
3365,"遼","","丙辰","二年",1076
3366,"遼","","丁巳","三年",1077
3367,"遼","","戊午","四年",1078
3368,"遼","","己未","五年",1079
3369,"遼","","庚申","六年",1080
3370,"遼","","辛酉","七年",1081
3371,"遼","","壬戌","八年",1082
3372,"遼","","癸亥","九年",1083
3373,"遼","","甲子","十年",1084
3374,"遼","","乙丑","遼道宗耶律洪基大安元年",1085
3375,"遼","","丙寅","二年",1086
3376,"遼","","丁卯","三年",1087
3377,"遼","","戊辰","四年",1088
3378,"遼","","己巳","五年",1089
3379,"遼","","庚午","六年",1090
3380,"遼","","辛未","七年",1091
3381,"遼","","壬申","八年",1092
3382,"遼","","癸酉","九年",1093
3383,"遼","","甲戌","十年",1094
3384,"遼","","乙亥","遼道宗耶律洪基壽昌元年",1095
3385,"遼","","丙子","二年",1096
3386,"遼","","丁丑","三年",1097
3387,"遼","","戊寅","四年",1098
3388,"遼","","己卯","五年",1099
3389,"遼","","庚辰","六年",1100
3390,"遼","","辛巳","七年 遼天祚帝耶律延禧乾統元年",1101
3391,"遼","","壬午","二年",1102
3392,"遼","","癸未","三年",1103
3393,"遼","","甲申","四年",1104
3394,"遼","","乙酉","五年",1105
3395,"遼","","丙戌","六年",1106
3396,"遼","","丁亥","七年",1107
3397,"遼","","戊子","八年",1108
3398,"遼","","己丑","九年",1109
3399,"遼","","庚寅","十年",1110
3400,"遼","","辛卯","遼天祚帝耶律延禧辛卯元年",1111
3401,"遼","","壬辰","二年",1112
3402,"遼","","癸巳","三年",1113
3403,"遼","","甲午","四年",1114
3404,"遼","","乙未","五年 金太祖完颜旻收国元年）",1115
3405,"遼","","丙申","六年",1116
3406,"遼","","丁酉","七年 (金太祖完颜旻天辅元年）",1117
3407,"遼","","戊戌","八年",1118
3408,"遼","","己亥","九年",1119
3409,"遼","","庚子","十年",1120
3410,"遼","","辛丑","遼天祚帝耶律延禧保大元年",1121
3411,"遼","","壬寅","二年",1122
3412,"遼","","癸卯","三年 (金太宗完颜晟天會元年）",1123
3413,"遼","","甲辰","四年",1124
3414,"遼","","乙巳","五年",1125
3415,"宋","北宋","庚申","宋太祖趙匡胤建隆元年",960
3416,"宋","北宋","辛酉","二年",961
3417,"宋","北宋","壬戌","三年",962
3418,"宋","北宋","癸亥","四年 乾德元年",963
3419,"宋","北宋","甲子","二年",964
3420,"宋","北宋","乙丑","三年",965
3421,"宋","北宋","丙寅","四年",966
3422,"宋","北宋","丁卯","五年",967
3423,"宋","北宋","戊辰","六年 開寶元年",968
3424,"宋","北宋","己巳","二年",969
3425,"宋","北宋","庚午","三年",970
3426,"宋","北宋","辛未","四年",971
3427,"宋","北宋","壬申","五年",972
3428,"宋","北宋","癸酉","六年",973
3429,"宋","北宋","甲戌","七年",974
3430,"宋","北宋","乙亥","八年",975
3431,"宋","北宋","丙子","九年 宋太宗趙炅太平興國元年",976
3432,"宋","北宋","丁丑","二年",977
3433,"宋","北宋","戊寅","三年",978
3434,"宋","北宋","己卯","四年",979
3435,"宋","北宋","庚辰","五年",980
3436,"宋","北宋","辛巳","六年",981
3437,"宋","北宋","壬午","七年",982
3438,"宋","北宋","癸未","八年",983
3439,"宋","北宋","甲申","九年 雍熙元年",984
3440,"宋","北宋","乙酉","二年",985
3441,"宋","北宋","丙戌","三年",986
3442,"宋","北宋","丁亥","四年",987
3443,"宋","北宋","戊子","端拱元年",988
3444,"宋","北宋","己丑","二年",989
3445,"宋","北宋","庚寅","淳化元年",990
3446,"宋","北宋","辛卯","二年",991
3447,"宋","北宋","壬辰","三年",992
3448,"宋","北宋","癸巳","四年",993
3449,"宋","北宋","甲午","五年",994
3450,"宋","北宋","乙未","至道元年",995
3451,"宋","北宋","丙申","二年",996
3452,"宋","北宋","丁酉","三年",997
3453,"宋","北宋","戊戌","宋真宗趙恒 咸平元年",998
3454,"宋","北宋","己亥","二年",999
3455,"宋","北宋","庚子","三年",1000
3456,"宋","北宋","辛丑","四年",1001
3457,"宋","北宋","壬寅","五年",1002
3458,"宋","北宋","癸卯","六年",1003
3459,"宋","北宋","甲辰","景德元年",1004
3460,"宋","北宋","乙巳","二年",1005
3461,"宋","北宋","丙午","三年",1006
3462,"宋","北宋","丁未","四年",1007
3463,"宋","北宋","戊申","大中祥符元年",1008
3464,"宋","北宋","己酉","二年",1009
3465,"宋","北宋","庚戌","三年",1010
3466,"宋","北宋","辛亥","四年",1011
3467,"宋","北宋","壬子","五年",1012
3468,"宋","北宋","癸丑","六年",1013
3469,"宋","北宋","甲寅","七年",1014
3470,"宋","北宋","乙卯","八年",1015
3471,"宋","北宋","丙辰","九年",1016
3472,"宋","北宋","丁巳","天禧元年",1017
3473,"宋","北宋","戊午","二年",1018
3474,"宋","北宋","己未","三年",1019
3475,"宋","北宋","庚申","四年",1020
3476,"宋","北宋","辛酉","五年",1021
3477,"宋","北宋","壬戌","乾興元年",1022
3478,"宋","北宋","癸亥","宋仁宗趙禎天聖元年",1023
3479,"宋","北宋","甲子","二年",1024
3480,"宋","北宋","乙丑","三年",1025
3481,"宋","北宋","丙寅","四年",1026
3482,"宋","北宋","丁卯","五年",1027
3483,"宋","北宋","戊辰","六年",1028
3484,"宋","北宋","己巳","七年",1029
3485,"宋","北宋","庚午","八年",1030
3486,"宋","北宋","辛未","九年",1031
3487,"宋","北宋","壬申","十年 明道元年",1032
3488,"宋","北宋","癸酉","二年",1033
3489,"宋","北宋","甲戌","景祐元年",1034
3490,"宋","北宋","乙亥","二年",1035
3491,"宋","北宋","丙子","三年",1036
3492,"宋","北宋","丁丑","四年",1037
3493,"宋","北宋","戊寅","五年 寶元元年",1038
3494,"宋","北宋","己卯","二年",1039
3495,"宋","北宋","庚辰","三年 康定元年",1040
3496,"宋","北宋","辛巳","二年 慶歷元年",1041
3497,"宋","北宋","壬午","二年",1042
3498,"宋","北宋","癸未","三年",1043
3499,"宋","北宋","甲申","四年",1044
3500,"宋","北宋","乙酉","五年",1045
3501,"宋","北宋","丙戌","六年",1046
3502,"宋","北宋","丁亥","七年",1047
3503,"宋","北宋","戊子","八年",1048
3504,"宋","北宋","己丑","皇祐元年",1049
3505,"宋","北宋","庚寅","二年",1050
3506,"宋","北宋","辛卯","三年",1051
3507,"宋","北宋","壬辰","四年",1052
3508,"宋","北宋","癸巳","五年",1053
3509,"宋","北宋","甲午","六年 至和元年",1054
3510,"宋","北宋","乙未","二年",1055
3511,"宋","北宋","丙申","三年 嘉祐元年",1056
3512,"宋","北宋","丁酉","二年",1057
3513,"宋","北宋","戊戌","三年",1058
3514,"宋","北宋","己亥","四年",1059
3515,"宋","北宋","庚子","五年",1060
3516,"宋","北宋","辛丑","六年",1061
3517,"宋","北宋","壬寅","七年",1062
3518,"宋","北宋","癸卯","八年",1063
3519,"宋","北宋","甲辰","宋英宗趙曙治平元年",1064
3520,"宋","北宋","乙巳","二年",1065
3521,"宋","北宋","丙午","三年",1066
3522,"宋","北宋","丁未","四年",1067
3523,"宋","北宋","戊申","宋神宗趙顼熙寧元年",1068
3524,"宋","北宋","己酉","二年",1069
3525,"宋","北宋","庚戌","三年",1070
3526,"宋","北宋","辛亥","四年",1071
3527,"宋","北宋","壬子","五年",1072
3528,"宋","北宋","癸丑","六年",1073
3529,"宋","北宋","甲寅","七年",1074
3530,"宋","北宋","乙卯","八年",1075
3531,"宋","北宋","丙辰","九年",1076
3532,"宋","北宋","丁巳","十年",1077
3533,"宋","北宋","戊午","元丰元年",1078
3534,"宋","北宋","己未","二年",1079
3535,"宋","北宋","庚申","三年",1080
3536,"宋","北宋","辛酉","四年",1081
3537,"宋","北宋","壬戌","五年",1082
3538,"宋","北宋","癸亥","六年",1083
3539,"宋","北宋","甲子","七年",1084
3540,"宋","北宋","乙丑","八年",1085
3541,"宋","北宋","丙寅","宋哲宗趙煦元祐元年",1086
3542,"宋","北宋","丁卯","二年",1087
3543,"宋","北宋","戊辰","三年",1088
3544,"宋","北宋","己巳","四年",1089
3545,"宋","北宋","庚午","五年",1090
3546,"宋","北宋","辛未","六年",1091
3547,"宋","北宋","壬申","七年",1092
3548,"宋","北宋","癸酉","八年",1093
3549,"宋","北宋","甲戌","九年 紹圣元年",1094
3550,"宋","北宋","乙亥","二年",1095
3551,"宋","北宋","丙子","三年",1096
3552,"宋","北宋","丁丑","四年",1097
3553,"宋","北宋","戊寅","五年 元符元年",1098
3554,"宋","北宋","己卯","二年",1099
3555,"宋","北宋","庚辰","三年",1100
3556,"宋","北宋","辛巳","宋徽宗趙佶建中靖國元年",1101
3557,"宋","北宋","壬午","崇寧元年",1102
3558,"宋","北宋","癸未","二年",1103
3559,"宋","北宋","甲申","三年",1104
3560,"宋","北宋","乙酉","四年",1105
3561,"宋","北宋","丙戌","五年",1106
3562,"宋","北宋","丁亥","大觀元年",1107
3563,"宋","北宋","戊子","二年",1108
3564,"宋","北宋","己丑","三年",1109
3565,"宋","北宋","庚寅","四年",1110
3566,"宋","北宋","辛卯","政和元年",1111
3567,"宋","北宋","壬辰","二年",1112
3568,"宋","北宋","癸巳","三年",1113
3569,"宋","北宋","甲午","四年",1114
3570,"宋","北宋","乙未","五年",1115
3571,"宋","北宋","丙申","六年",1116
3572,"宋","北宋","丁酉","七年",1117
3573,"宋","北宋","戊戌","八年 重和元年",1118
3574,"宋","北宋","己亥","二年 宣和元年",1119
3575,"宋","北宋","庚子","二年",1120
3576,"宋","北宋","辛丑","三年",1121
3577,"宋","北宋","壬寅","四年",1122
3578,"宋","北宋","癸卯","五年",1123
3579,"宋","北宋","甲辰","六年",1124
3580,"宋","北宋","乙巳","七年",1125
3581,"宋","北宋","丙午","宋欽宗趙桓 靖康元年",1126
3582,"宋","北宋","丁未","二年",1127
3583,"宋","南宋","丁未","宋高宗趙构建炎元年",1127
3584,"宋","南宋","戊申","二年",1128
3585,"宋","南宋","己酉","三年",1129
3586,"宋","南宋","庚戌","四年",1130
3587,"宋","南宋","辛亥","紹興元年",1131
3588,"宋","南宋","壬子","二年",1132
3589,"宋","南宋","癸丑","三年",1133
3590,"宋","南宋","甲寅","四年",1134
3591,"宋","南宋","乙卯","五年",1135
3592,"宋","南宋","丙辰","六年",1136
3593,"宋","南宋","丁巳","七年",1137
3594,"宋","南宋","戊午","八年",1138
3595,"宋","南宋","己未","九年",1139
3596,"宋","南宋","庚申","十年",1140
3597,"宋","南宋","辛酉","十一年",1141
3598,"宋","南宋","壬戌","十二年",1142
3599,"宋","南宋","癸亥","十三年",1143
3600,"宋","南宋","甲子","十四年",1144
3601,"宋","南宋","乙丑","十五年",1145
3602,"宋","南宋","丙寅","十六年",1146
3603,"宋","南宋","丁卯","十七年",1147
3604,"宋","南宋","戊辰","十八年",1148
3605,"宋","南宋","己巳","十九年",1149
3606,"宋","南宋","庚午","二十年",1150
3607,"宋","南宋","辛未","二十一年",1151
3608,"宋","南宋","壬申","二十二年",1152
3609,"宋","南宋","癸酉","二十三年",1153
3610,"宋","南宋","甲戌","二十四年",1154
3611,"宋","南宋","乙亥","二十五年",1155
3612,"宋","南宋","丙子","二十六年",1156
3613,"宋","南宋","丁丑","二十七年",1157
3614,"宋","南宋","戊寅","二十八年",1158
3615,"宋","南宋","己卯","二十九年",1159
3616,"宋","南宋","庚辰","三十年",1160
3617,"宋","南宋","辛巳","三十一年",1161
3618,"宋","南宋","壬午","三十二年",1162
3619,"宋","南宋","癸未","宋孝宗趙慎隆興元年",1163
3620,"宋","南宋","甲申","二年",1164
3621,"宋","南宋","乙酉","乾道元年",1165
3622,"宋","南宋","丙戌","二年",1166
3623,"宋","南宋","丁亥","三年",1167
3624,"宋","南宋","戊子","四年",1168
3625,"宋","南宋","己丑","五年",1169
3626,"宋","南宋","庚寅","六年",1170
3627,"宋","南宋","辛卯","七年",1171
3628,"宋","南宋","壬辰","八年",1172
3629,"宋","南宋","癸巳","九年",1173
3630,"宋","南宋","甲午","淳熙元年",1174
3631,"宋","南宋","乙未","二年",1175
3632,"宋","南宋","丙申","三年",1176
3633,"宋","南宋","丁酉","四年",1177
3634,"宋","南宋","戊戌","五年",1178
3635,"宋","南宋","己亥","六年",1179
3636,"宋","南宋","庚子","七年",1180
3637,"宋","南宋","辛丑","八年",1181
3638,"宋","南宋","壬寅","九年",1182
3639,"宋","南宋","癸卯","十年",1183
3640,"宋","南宋","甲辰","十一年",1184
3641,"宋","南宋","乙巳","十二年",1185
3642,"宋","南宋","丙午","十三年",1186
3643,"宋","南宋","丁未","十四年",1187
3644,"宋","南宋","戊申","十五年",1188
3645,"宋","南宋","己酉","十六年",1189
3646,"宋","南宋","庚戌","宋光宗趙暴紹熙元年",1190
3647,"宋","南宋","辛亥","二年",1191
3648,"宋","南宋","壬子","三年",1192
3649,"宋","南宋","癸丑","四年",1193
3650,"宋","南宋","甲寅","五年",1194
3651,"宋","南宋","乙卯","宋寧宗趙擴慶元元年",1195
3652,"宋","南宋","丙辰","二年",1196
3653,"宋","南宋","丁巳","三年",1197
3654,"宋","南宋","戊午","四年",1198
3655,"宋","南宋","己未","五年",1199
3656,"宋","南宋","庚申","六年",1200
3657,"宋","南宋","辛酉","嘉泰元年",1201
3658,"宋","南宋","壬戌","二年",1202
3659,"宋","南宋","癸亥","三年",1203
3660,"宋","南宋","甲子","四年",1204
3661,"宋","南宋","乙丑","開禧元年",1205
3662,"宋","南宋","丙寅","二年",1206
3663,"宋","南宋","丁卯","三年",1207
3664,"宋","南宋","戊辰","嘉定元年",1208
3665,"宋","南宋","己巳","二年",1209
3666,"宋","南宋","庚午","三年",1210
3667,"宋","南宋","辛未","四年",1211
3668,"宋","南宋","壬申","五年",1212
3669,"宋","南宋","癸酉","六年",1213
3670,"宋","南宋","甲戌","七年",1214
3671,"宋","南宋","乙亥","八年",1215
3672,"宋","南宋","丙子","九年",1216
3673,"宋","南宋","丁丑","十年",1217
3674,"宋","南宋","戊寅","十一年",1218
3675,"宋","南宋","己卯","十二年",1219
3676,"宋","南宋","庚辰","十三年",1220
3677,"宋","南宋","辛巳","十四年",1221
3678,"宋","南宋","壬午","十五年",1222
3679,"宋","南宋","癸未","十六年",1223
3680,"宋","南宋","甲申","十七年",1224
3681,"宋","南宋","乙酉","宋理宗趙昀寶慶元年",1225
3682,"宋","南宋","丙戌","二年",1226
3683,"宋","南宋","丁亥","三年",1227
3684,"宋","南宋","戊子","紹定元年",1228
3685,"宋","南宋","己丑","二年",1229
3686,"宋","南宋","庚寅","三年",1230
3687,"宋","南宋","辛卯","四年",1231
3688,"宋","南宋","壬辰","五年",1232
3689,"宋","南宋","癸巳","六年",1233
3690,"宋","南宋","甲午","端平元年",1234
3691,"宋","南宋","乙未","二年",1235
3692,"宋","南宋","丙申","三年",1236
3693,"宋","南宋","丁酉","嘉熙元年",1237
3694,"宋","南宋","戊戌","二年",1238
3695,"宋","南宋","己亥","三年",1239
3696,"宋","南宋","庚子","四年",1240
3697,"宋","南宋","辛丑","淳祐元年",1241
3698,"宋","南宋","壬寅","二年",1242
3699,"宋","南宋","癸卯","三年",1243
3700,"宋","南宋","甲辰","四年",1244
3701,"宋","南宋","乙巳","五年",1245
3702,"宋","南宋","丙午","六年",1246
3703,"宋","南宋","丁未","七年",1247
3704,"宋","南宋","戊申","八年",1248
3705,"宋","南宋","己酉","九年",1249
3706,"宋","南宋","庚戌","十年",1250
3707,"宋","南宋","辛亥","十一年",1251
3708,"宋","南宋","壬子","十二年",1252
3709,"宋","南宋","癸丑","寶祐元年",1253
3710,"宋","南宋","甲寅","二年",1254
3711,"宋","南宋","乙卯","三年",1255
3712,"宋","南宋","丙辰","四年",1256
3713,"宋","南宋","丁巳","五年",1257
3714,"宋","南宋","戊午","六年",1258
3715,"宋","南宋","己未","開慶元年",1259
3716,"宋","南宋","庚申","景定元年",1260
3717,"宋","南宋","辛酉","二年",1261
3718,"宋","南宋","壬戌","三年",1262
3719,"宋","南宋","癸亥","四年",1263
3720,"宋","南宋","甲子","五年",1264
3721,"宋","南宋","乙丑","宋度宗趙禥咸淳元年",1265
3722,"宋","南宋","丙寅","二年",1266
3723,"宋","南宋","丁卯","三年",1267
3724,"宋","南宋","戊辰","四年",1268
3725,"宋","南宋","己巳","五年",1269
3726,"宋","南宋","庚午","六年",1270
3727,"宋","南宋","辛未","七年",1271
3728,"宋","南宋","壬申","八年",1272
3729,"宋","南宋","癸酉","九年",1273
3730,"宋","南宋","甲戌","十年",1274
3731,"宋","南宋","乙亥","宋恭宗趙顯德祐元年",1275
3732,"宋","南宋","丙子","二年宋端宗趙昰景炎元年",1276
3733,"宋","南宋","丁丑","二年",1277
3734,"宋","南宋","戊寅","三年 趙昺祥興元年",1278
3735,"宋","南宋","己卯","二年",1279
3736,"金","","乙未","金太祖完颜旻收國元年",1115
3737,"金","","丙申","二年",1116
3738,"金","","丁酉","三年 金太祖完颜旻天辅元年",1117
3739,"金","","戊戌","二年",1118
3740,"金","","己亥","三年",1119
3741,"金","","庚子","四年",1120
3742,"金","","辛丑","五年",1121
3743,"金","","壬寅","六年",1122
3744,"金","","癸卯","七年 金太宗完颜晟天會元年",1123
3745,"金","","甲辰","二年",1124
3746,"金","","乙巳","三年",1125
3747,"金","","丙午","四年",1126
3748,"金","","丁未","五年",1127
3749,"金","","戊申","六年",1128
3750,"金","","己酉","七年",1129
3751,"金","","庚戌","八年",1130
3752,"金","","辛亥","九年",1131
3753,"金","","壬子","十年",1132
3754,"金","","癸丑","十一年",1133
3755,"金","","甲寅","十二年",1134
3756,"金","","乙卯","十三年",1135
3757,"金","","丙辰","金熙宗完颜亶天會十四年",1136
3758,"金","","丁巳","十五年",1137
3759,"金","","戊午","金熙宗完颜亶天眷元年",1138
3760,"金","","己未","二年",1139
3761,"金","","庚申","三年",1140
3762,"金","","辛酉","金熙宗完颜亶皇統元年",1141
3763,"金","","壬戌","二年",1142
3764,"金","","癸亥","三年",1143
3765,"金","","甲子","四年",1144
3766,"金","","乙丑","五年",1145
3767,"金","","丙寅","六年",1146
3768,"金","","丁卯","七年",1147
3769,"金","","戊辰","八年",1148
3770,"金","","己巳","九年 海陵王完颜亮天德元年",1149
3771,"金","","庚午","二年",1150
3772,"金","","辛未","三年",1151
3773,"金","","壬申","四年",1152
3774,"金","","癸酉","五年 海陵王完颜亮貞元元年",1153
3775,"金","","甲戌","二年",1154
3776,"金","","乙亥","三年",1155
3777,"金","","丙子","四年 海陵王完颜亮正隆元年",1156
3778,"金","","丁丑","二年",1157
3779,"金","","戊寅","三年",1158
3780,"金","","己卯","四年",1159
3781,"金","","庚辰","五年",1160
3782,"金","","辛巳","六年 金世宗完颜雍大定元年",1161
3783,"金","","壬午","二年",1162
3784,"金","","癸未","三年",1163
3785,"金","","甲申","四年",1164
3786,"金","","乙酉","五年",1165
3787,"金","","丙戌","六年",1166
3788,"金","","丁亥","七年",1167
3789,"金","","戊子","八年",1168
3790,"金","","己丑","九年",1169
3791,"金","","庚寅","十年",1170
3792,"金","","辛卯","十一年",1171
3793,"金","","壬辰","十二年",1172
3794,"金","","癸巳","十三年",1173
3795,"金","","甲午","十四年",1174
3796,"金","","乙未","十五年",1175
3797,"金","","丙申","十六年",1176
3798,"金","","丁酉","十七年",1177
3799,"金","","戊戌","十八年",1178
3800,"金","","己亥","十九年",1179
3801,"金","","庚子","二十年",1180
3802,"金","","辛丑","二十一年",1181
3803,"金","","壬寅","二十二年",1182
3804,"金","","癸卯","二十三年",1183
3805,"金","","甲辰","二十四年",1184
3806,"金","","乙巳","二十五年",1185
3807,"金","","丙午","二十六年",1186
3808,"金","","丁未","二十七年",1187
3809,"金","","戊申","二十八年",1188
3810,"金","","己酉","二十九年",1189
3811,"金","","庚戌","金章宗完颜璟明昌元年",1190
3812,"金","","辛亥","二年",1191
3813,"金","","壬子","三年",1192
3814,"金","","癸丑","四年",1193
3815,"金","","甲寅","五年",1194
3816,"金","","乙卯","六年",1195
3817,"金","","丙辰","七年 金章宗完颜璟承安元年",1196
3818,"金","","丁巳","二年",1197
3819,"金","","戊午","三年",1198
3820,"金","","己未","四年",1199
3821,"金","","庚申","五年",1200
3822,"金","","辛酉","金章宗完颜璟泰和元年",1201
3823,"金","","壬戌","二年",1202
3824,"金","","癸亥","三年",1203
3825,"金","","甲子","四年",1204
3826,"金","","乙丑","五年",1205
3827,"金","","丙寅","六年",1206
3828,"金","","丁卯","七年",1207
3829,"金","","戊辰","八年",1208
3830,"金","","己巳","衛紹王完颜永濟大安元年",1209
3831,"金","","庚午","二年",1210
3832,"金","","辛未","三年",1211
3833,"金","","壬申","衛紹王完颜永濟崇慶元年",1212
3834,"金","","癸酉","二年 衛紹王完颜永濟至寧元年 金宣宗完颜珣貞佑元年",1213
3835,"金","","甲戌","二年",1214
3836,"金","","乙亥","三年",1215
3837,"金","","丙子","四年",1216
3838,"金","","丁丑","五年 金宣宗完颜珣興定元年",1217
3839,"金","","戊寅","二年",1218
3840,"金","","己卯","三年",1219
3841,"金","","庚辰","四年",1220
3842,"金","","辛巳","五年",1221
3843,"金","","壬午","六年 金宣宗完颜珣元光元年",1222
3844,"金","","癸未","二年",1223
3845,"金","","甲申","金哀宗完颜守緒正大元年",1224
3846,"金","","乙酉","二年",1225
3847,"金","","丙戌","三年",1226
3848,"金","","丁亥","四年",1227
3849,"金","","戊子","五年",1228
3850,"金","","己丑","六年",1229
3851,"金","","庚寅","七年",1230
3852,"金","","辛卯","八年",1231
3853,"金","","壬辰","金哀宗完颜守緒開興元年 金哀宗完颜守緒天興元年",1232
3854,"金","","癸巳","二年",1233
3855,"金","","甲午","三年",1234
3856,"元","","辛未","元世祖孛儿只斤忽必烈 至元八年",1271
3857,"元","","壬申","九年",1272
3858,"元","","癸酉","十年",1273
3859,"元","","甲戌","十一年",1274
3860,"元","","乙亥","十二年",1275
3861,"元","","丙子","十三年",1276
3862,"元","","丁丑","十四年",1277
3863,"元","","戊寅","十五年",1278
3864,"元","","己卯","十六年",1279
3865,"元","","庚辰","十七年",1280
3866,"元","","辛巳","十八年",1281
3867,"元","","壬午","十九年",1282
3868,"元","","癸未","二十年",1283
3869,"元","","甲申","二十一年",1284
3870,"元","","乙酉","二十二年",1285
3871,"元","","丙戌","二十三年",1286
3872,"元","","丁亥","二十四年",1287
3873,"元","","戊子","二十五年",1288
3874,"元","","己丑","二十六年",1289
3875,"元","","庚寅","二十七年",1290
3876,"元","","辛卯","二十八年",1291
3877,"元","","壬辰","二十九年",1292
3878,"元","","癸巳","三十年",1293
3879,"元","","甲午","三十一年",1294
3880,"元","","乙未","元成宗孛儿只斤鐵穆耳 元貞元年",1295
3881,"元","","丙申","二年",1296
3882,"元","","丁酉","三年 大德元年",1297
3883,"元","","戊戌","二年",1298
3884,"元","","乙亥","三年",1299
3885,"元","","庚子","四年",1300
3886,"元","","辛丑","五年",1301
3887,"元","","壬寅","六年",1302
3888,"元","","癸卯","七年",1303
3889,"元","","甲辰","八年",1304
3890,"元","","乙巳","九年",1305
3891,"元","","丙午","十年",1306
3892,"元","","丁未","十一年",1307
3893,"元","","戊申","元武宗孛儿只斤海山 至大元年",1308
3894,"元","","己酉","二年",1309
3895,"元","","庚戌","三年",1310
3896,"元","","辛亥","四年",1311
3897,"元","","壬子","元仁宗孛儿只斤愛育黎拔力八达 皇慶元年",1312
3898,"元","","癸丑","二年",1313
3899,"元","","甲寅","延祐元年",1314
3900,"元","","乙卯","二年",1315
3901,"元","","丙辰","三年",1316
3902,"元","","丁巳","四年",1317
3903,"元","","戊午","五年",1318
3904,"元","","己未","六年",1319
3905,"元","","庚申","七年",1320
3906,"元","","辛酉","元英宗孛儿只斤硕德八剌 至治元年",1321
3907,"元","","壬戌","二年",1322
3908,"元","","癸亥","三年",1323
3909,"元","","甲子","元泰定帝孛儿只斤也孙鐵木耳 泰定元年",1324
3910,"元","","乙丑","二年",1325
3911,"元","","丙寅","三年",1326
3912,"元","","丁卯","四年",1327
3913,"元","","戊辰","五年 致和元年 元天順帝孛儿只斤阿速吉八 天順元年 元文宗孛儿只斤圖帖睦耳 天歷元年",1328
3914,"元","","己巳","二年 元明宗孛儿只斤和世(王+束) 天歷元年",1329
3915,"元","","庚午","三年 至順元年",1330
3916,"元","","辛未","二年",1331
3917,"元","","壬申","元宁宗孛儿只斤懿璘質班 三年",1332
3918,"元","","癸酉","四年 元惠宗孛儿只斤妥懽贴睦尔元统元年",1333
3919,"元","","甲戌","二年",1334
3920,"元","","乙亥","三年 至元元年",1335
3921,"元","","丙子","二年",1336
3922,"元","","丁丑","三年",1337
3923,"元","","戊寅","四年",1338
3924,"元","","己卯","五年",1339
3925,"元","","庚辰","六年",1340
3926,"元","","辛巳","至正元年",1341
3927,"元","","壬午","二年",1342
3928,"元","","癸未","三年",1343
3929,"元","","甲申","四年",1344
3930,"元","","乙酉","五年",1345
3931,"元","","丙戌","六年",1346
3932,"元","","丁亥","七年",1347
3933,"元","","戊子","八年",1348
3934,"元","","己丑","九年",1349
3935,"元","","庚寅","十年",1350
3936,"元","","辛卯","十一年",1351
3937,"元","","壬辰","十二年",1352
3938,"元","","癸巳","十三年",1353
3939,"元","","甲午","十四年",1354
3940,"元","","乙未","十五年",1355
3941,"元","","丙申","十六年",1356
3942,"元","","丁酉","十七年",1357
3943,"元","","戊戌","十八年",1358
3944,"元","","乙亥","十九年",1359
3945,"元","","庚子","二十年",1360
3946,"元","","辛丑","二十一年",1361
3947,"元","","壬寅","二十二年",1362
3948,"元","","癸卯","二十三年",1363
3949,"元","","甲辰","二十四年",1364
3950,"元","","乙巳","二十五年",1365
3951,"元","","丙午","二十六年",1366
3952,"元","","丁未","二十七年",1367
3953,"元","","戊申","二十八年",1368
3954,"春秋","","辛未","周平王宜臼 元年 鄭武公 元年",-770
3955,"春秋","","壬申","二年",-769
3956,"春秋","","癸酉","三年 鲁惠公 元年",-768
3957,"春秋","","甲戌","四年",-767
3958,"春秋","","乙亥","五年 燕哀侯 元年",-766
3959,"春秋","","丙子","六年 秦文公 元年",-765
3960,"春秋","","丙子","六年 宋武公 元年",-765
3961,"春秋","","丁丑","七年 燕鄭侯 元年",-764
3962,"春秋","","戊寅","八年 楚霄敖 元年",-763
3963,"春秋","","己卯","九年",-762
3964,"春秋","","庚辰","十年 蔡共侯 元年",-761
3965,"春秋","","辛巳","十一年",-760
3966,"春秋","","壬午","十二年 蔡戴侯 元年",-759
3967,"春秋","","壬午","十二年 曹穆公 元年",-759
3968,"春秋","","癸未","十三年",-758
3969,"春秋","","甲申","十四年 楚蚡冒 元年",-757
3970,"春秋","","甲申","十四年 衛庄公",-757
3971,"春秋","","乙酉","十五年 曹桓公 元年",-756
3972,"春秋","","丙戌","十六年",-755
3973,"春秋","","丁亥","十七年 陳文公 元年",-754
3974,"春秋","","戊子","十八年",-753
3975,"春秋","","己丑","十九年",-752
3976,"春秋","","庚寅","二十年",-751
3977,"春秋","","辛卯","二十一年",-750
3978,"春秋","","壬辰","二十二年 蔡宣侯 元年",-749
3979,"春秋","","癸巳","二十三年",-748
3980,"春秋","","甲午","二十四年 宋宣公 元年",-747
3981,"春秋","","乙未","二十五年",-746
3982,"春秋","","丙申","二十六年 晉昭侯 元年",-745
3983,"春秋","","丁酉","二十七年 陳桓公 元年",-744
3984,"春秋","","戊戌","二十八年 鄭庄公 元年",-743
3985,"春秋","","己亥","二十九年",-742
3986,"春秋","","庚子","三十年",-741
3987,"春秋","","辛丑","三十一年 楚武王 元年",-740
3988,"春秋","","壬寅","三十二年 晉孝侯 元年",-739
3989,"春秋","","癸卯","三十三年",-738
3990,"春秋","","甲辰","三十四年",-737
3991,"春秋","","乙巳","三十五年",-736
3992,"春秋","","丙午","三十六年",-735
3993,"春秋","","丁未","三十七年 衛桓公 元年",-734
3994,"春秋","","戊申","三十八年",-733
3995,"春秋","","己酉","三十九年",-732
3996,"春秋","","庚戌","四十年",-731
3997,"春秋","","辛亥","四十一年 齊嫠公 元年",-730
3998,"春秋","","壬子","四十二年",-729
3999,"春秋","","癸丑","四十三年 宋穆公 元年",-728
4000,"春秋","","癸丑","四十三年 燕穆侯 元年",-728
4001,"春秋","","甲寅","四十四年",-727
4002,"春秋","","乙卯","四十五年",-726
4003,"春秋","","丙辰","四十六年",-725
4004,"春秋","","丁巳","四十七年",-724
4005,"春秋","","戊午","四十八年 晉鄂侯 元年",-723
4006,"春秋","","己未","四十九年 鲁隱公 元年",-722
4007,"春秋","","庚申","五十年",-721
4008,"春秋","","辛酉","五十一年",-720
4009,"春秋","","壬戌","周桓王林 元年 宋殤公 元年",-719
4010,"春秋","","癸亥","二年 衛宣公 元年",-718
4011,"春秋","","甲子","三年 晉哀侯 元年",-717
4012,"春秋","","乙丑","四年",-716
4013,"春秋","","丙寅","五年 秦寧公 元年",-715
4014,"春秋","","丁卯","六年 蔡桓侯 元年",-714
4015,"春秋","","戊辰","七年",-713
4016,"春秋","","己巳","八年",-712
4017,"春秋","","庚午","九年 鲁桓公 元年",-711
4018,"春秋","","辛未","十年 宋公馮 元年",-710
4019,"春秋","","辛未","十年 燕宣侯 元年",-710
4020,"春秋","","壬申","十一年 晉小子 元年",-709
4021,"春秋","","癸酉","十二年",-708
4022,"春秋","","甲戌","十三年",-707
4023,"春秋","","乙亥","十四年 晉侯緡 元年",-706
4024,"春秋","","乙亥","十四年 陳厲公 元年",-706
4025,"春秋","","丙子","十五年",-705
4026,"春秋","","丁丑","十六年",-704
4027,"春秋","","戊寅","十七年 秦出公 元年",-703
4028,"春秋","","己卯","十八年",-702
4029,"春秋","","庚辰","十九年 曹庄公 元年",-701
4030,"春秋","","辛巳","二十年 鄭厲公 元年",-700
4031,"春秋","","壬午","二十一年 衛惠公 元年",-699
4032,"春秋","","壬午","二十一年 陳庄公 元年",-699
4033,"春秋","","癸未","二十二年",-698
4034,"春秋","","甲申","二十三年 齊襄公 元年",-697
4035,"春秋","","甲申","二十三年 秦武公 元年",-697
4036,"春秋","","甲申","二十三年 燕桓公 元年",-697
4037,"春秋","","乙酉","周庄王佗 元年 衛黔牟 元年",-696
4038,"春秋","","乙酉","鄭昭公 元年",-696
4039,"春秋","","丙戌","二年",-695
4040,"春秋","","丁亥","三年 蔡哀侯 元年",-694
4041,"春秋","","丁亥","三年 鄭姬亹 元年",-694
4042,"春秋","","戊子","四年 鲁庄公 元年",-693
4043,"春秋","","戊子","四年 鄭子婴 元年",-693
4044,"春秋","","己丑","五年 陳宣公 元年",-692
4045,"春秋","","庚寅","六年 宋緡公 元年",-691
4046,"春秋","","辛卯","七年 燕庄公 元年",-690
4047,"春秋","","壬辰","八年 楚文王 元年",-689
4048,"春秋","","癸巳","九年",-688
4049,"春秋","","甲午","十年",-687
4050,"春秋","","乙未","十一年",-686
4051,"春秋","","丙申","十二年 齊桓公 元年",-685
4052,"春秋","","丁酉","十三年",-684
4053,"春秋","","戊戌","十四年",-683
4054,"春秋","","己亥","十五年",-682
4055,"春秋","","庚子","周嫠王胡齊 元年 宋桓公 元年",-681
4056,"春秋","","辛丑","二年",-680
4057,"春秋","","壬寅","三年 鄭厲公( 復立) 元年",-679
4058,"春秋","","癸卯","四年",-678
4059,"春秋","","甲辰","五年 秦德公 元年",-677
4060,"春秋","","乙巳","周惠王閬 元年 晉獻公 元年",-676
4061,"春秋","","乙巳","周惠王閬 楚庄敖 元年",-676
4062,"春秋","","丙午","二年 秦宣公 元年",-675
4063,"春秋","","丁未","三年 蔡穆侯 元年",-674
4064,"春秋","","戊申","四年",-673
4065,"春秋","","己酉","五年 鄭文公 元年",-672
4066,"春秋","","庚戌","六年 楚成王 元年",-671
4067,"春秋","","辛亥","七年 曹嫠公 元年",-670
4068,"春秋","","壬子","八年",-669
4069,"春秋","","癸丑","九年 衛懿公 元年",-668
4070,"春秋","","甲寅","十年",-667
4071,"春秋","","乙卯","十一年",-666
4072,"春秋","","丙辰","十二年",-665
4073,"春秋","","丁巳","十三年",-664
4074,"春秋","","戊午","十四年 秦成公 元年",-663
4075,"春秋","","己未","十五年",-662
4076,"春秋","","庚申","十六年 曹昭公 元年",-661
4077,"春秋","","庚申","十六年 鲁緡公 元年",-661
4078,"春秋","","辛酉","十七年 衛戴公 元年",-660
4079,"春秋","","壬戌","十八年 鲁嫠公 元年",-659
4080,"春秋","","壬戌","十八年 秦穆公 元年",-659
4081,"春秋","","壬戌","十八年 衛文公 元年",-659
4082,"春秋","","癸亥","十九年",-658
4083,"春秋","","甲子","二十年 燕襄公 元年",-657
4084,"春秋","","乙丑","二十一年",-656
4085,"春秋","","丙寅","二十二年",-655
4086,"春秋","","本卯","二十三年",-654
4087,"春秋","","戊辰","二十四年",-653
4088,"春秋","","己巳","二十五年 曹共公 元年",-652
4089,"春秋","","庚午","周襄王鄭 元年",-651
4090,"春秋","","辛未","二年 晉惠公 元年",-650
4091,"春秋","","辛未","二年 宋襄公 元年",-650
4092,"春秋","","壬申","三年",-649
4093,"春秋","","癸酉","四年",-648
4094,"春秋","","甲戌","五年 陳穆公 元年",-647
4095,"春秋","","乙亥","六年",-646
4096,"春秋","","丙子","七年 蔡庄公 元年",-645
4097,"春秋","","丁丑","八年",-644
4098,"春秋","","戊寅","九年",-643
4099,"春秋","","己卯","十年 齊孝公",-642
4100,"春秋","","庚辰","十一年",-641
4101,"春秋","","辛巳","十二年",-640
4102,"春秋","","壬午","十三年",-639
4103,"春秋","","癸未","十四年",-638
4104,"春秋","","甲申","十五年",-637
4105,"春秋","","乙酉","十六年 晉文公 元年",-636
4106,"春秋","","乙酉","十六年 宋成公 元年",-636
4107,"春秋","","丙戌","十七年",-635
4108,"春秋","","丁亥","十八年 衛成公 元年",-634
4109,"春秋","","戊子","十九年",-633
4110,"春秋","","己丑","二十年 齊昭公 元年",-632
4111,"春秋","","庚寅","二十一年 陳共公 元年",-631
4112,"春秋","","辛卯","二十二年",-630
4113,"春秋","","壬辰","二十三年",-629
4114,"春秋","","癸巳","二十四年",-628
4115,"春秋","","甲午","二十五年 晉襄公 元年",-627
4116,"春秋","","甲午","二十五年 鄭穆公 元年",-627
4117,"春秋","","乙未","二十六年 鲁文公 元年",-626
4118,"春秋","","丙申","二十七年 楚穆王 元年",-625
4119,"春秋","","丁酉","二十八年",-624
4120,"春秋","","戊戌","二十九年",-623
4121,"春秋","","己亥","三十年",-622
4122,"春秋","","庚子","三十一年",-621
4123,"春秋","","辛丑","三十二年 晉靈公 元年",-620
4124,"春秋","","辛丑","三十二年 秦康公 元年",-620
4125,"春秋","","壬寅","三十三年 宋昭公 元年",-619
4126,"春秋","","癸卯","周頃王壬臣 元年",-618
4127,"春秋","","甲辰","二年 曹文公 元年",-617
4128,"春秋","","乙巳","三年",-616
4129,"春秋","","丙午","四年",-615
4130,"春秋","","丁未","五年",-614
4131,"春秋","","戊申","六年 楚庄王 元年",-613
4132,"春秋","","戊申","六年 陳靈公 元年",-613
4133,"春秋","","己酉","周匡王班 元年 齊懿公 元年",-612
4134,"春秋","","庚戌","二年 蔡文公 元年",-611
4135,"春秋","","辛亥","三年 宋文公 元年",-610
4136,"春秋","","壬子","四年",-609
4137,"春秋","","癸丑","五年 鲁宣公 元年",-608
4138,"春秋","","甲寅","六年",-607
4139,"春秋","","乙卯","周定王瑜 元年 晉成公 元年",-606
4140,"春秋","","丙辰","二年 鄭靈公 元年",-605
4141,"春秋","","丁巳","三年 鄭襄公 元年",-604
4142,"春秋","","戊午","四年 秦桓公 元年",-603
4143,"春秋","","己未","五年",-602
4144,"春秋","","庚申","六年 燕宣公 元年",-601
4145,"春秋","","辛酉","七年",-600
4146,"春秋","","壬戌","八年 晉景公 元年",-599
4147,"春秋","","壬戌","八年 衛穆公 元年",-599
4148,"春秋","","癸亥","九年 齊頃公 元年",-598
4149,"春秋","","癸亥","九年 陳成公 元年",-598
4150,"春秋","","甲子","十年",-597
4151,"春秋","","乙丑","十一年",-596
4152,"春秋","","丙寅","十二年",-595
4153,"春秋","","丁卯","十三年 曹宣公 元年",-594
4154,"春秋","","戊辰","十四年",-593
4155,"春秋","","己巳","十五年",-592
4156,"春秋","","庚午","十六年 蔡景侯 元年",-591
4157,"春秋","","辛未","十七年 鲁成公 元年",-590
4158,"春秋","","壬早","十八年",-589
4159,"春秋","","癸酉","十九年 宋共公 元年",-588
4160,"春秋","","甲戌","二十年",-587
4161,"春秋","","乙亥","二十一年 鄭悼公 元年",-586
4162,"春秋","","乙亥","二十一年 燕昭公 元年",-586
4163,"春秋","","丙子","周簡王夷 元年 吴王壽夢 元年",-585
4164,"春秋","","丁丑","二年 鄭成公 元年",-584
4165,"春秋","","戊寅","三年",-583
4166,"春秋","","己卯","四年",-582
4167,"春秋","","庚辰","五年 齊靈公 元年",-581
4168,"春秋","","辛巳","六年 晉厲公 元年",-580
4169,"春秋","","壬午","七年",-579
4170,"春秋","","癸未","八年",-578
4171,"春秋","","甲申","九年 曹成公 元年",-577
4172,"春秋","","乙酉","十年 秦景公 元年",-576
4173,"春秋","","乙酉","十年 衛獻公 元年",-576
4174,"春秋","","丙戌","十一年 宋平公 元年",-575
4175,"春秋","","丁亥","十二年",-574
4176,"春秋","","戊子","十三年 燕武公 元年",-573
4177,"春秋","","己丑","十四年 鲁襄公 元年",-572
4178,"春秋","","己丑","十四年 晉悼公 元年",-572
4179,"春秋","","庚寅","周靈王泄心 元年",-571
4180,"春秋","","辛卯","二年 鄭嫠公 元年",-570
4181,"春秋","","壬辰","三年",-569
4182,"春秋","","癸巳","四年 陳哀公 元年",-568
4183,"春秋","","甲午","五年",-567
4184,"春秋","","乙未","六年",-566
4185,"春秋","","丙申","七年 鄭簡公 元年",-565
4186,"春秋","","丁酉","八年",-564
4187,"春秋","","戊戌","九年",-563
4188,"春秋","","己亥","十年",-562
4189,"春秋","","庚子","十一年",-561
4190,"春秋","","辛丑","十二年 吴王諸樊 元年",-560
4191,"春秋","","壬寅","十三年 楚康王 元年",-559
4192,"春秋","","癸卯","十四年 衛殤公 元年",-558
4193,"春秋","","甲辰","十五年 晉平公 元年",-557
4194,"春秋","","乙巳","十六年",-556
4195,"春秋","","丙午","十七年",-555
4196,"春秋","","丁未","十八年 曹武公 元年",-554
4197,"春秋","","丁未","十八年 燕文公 元年",-554
4198,"春秋","","戊申","十九年 齊庄公",-553
4199,"春秋","","己酉","二十年",-552
4200,"春秋","","庚戌","二十一年",-551
4201,"春秋","","辛亥","二十二年",-550
4202,"春秋","","壬子","二十三年",-549
4203,"春秋","","癸丑","二十四年 燕懿公 元年",-548
4204,"春秋","","甲寅","二十五年 齊景公 元年",-547
4205,"春秋","","甲寅","二十五年 吴王余祭 元年",-547
4206,"春秋","","乙卯","二十六年 衛獻公 復元元年",-546
4207,"春秋","","丙辰","二十七年",-545
4208,"春秋","","丁巳","周景王貴 元年 楚郟敖 元年",-544
4209,"春秋","","丁巳","周景王貴 元年 燕惠公 元年",-544
4210,"春秋","","戊午","二年 衛襄公 元年",-543
4211,"春秋","","己未","三年 蔡靈侯 元年",-542
4212,"春秋","","庚申","四年 鲁昭公 元年",-541
4213,"春秋","","辛酉","五年 楚靈王 元年",-540
4214,"春秋","","壬戌","六年",-539
4215,"春秋","","癸亥","七年",-538
4216,"春秋","","甲子","八年",-537
4217,"春秋","","乙丑","九年 秦哀公 元年",-536
4218,"春秋","","丙寅","十年 燕悼公 元年",-535
4219,"春秋","","丁卯","十一年 衛靈公 元年",-534
4220,"春秋","","戊辰","十二年 陳惠公 元年",-533
4221,"春秋","","己巳","十三年",-532
4222,"春秋","","庚午","十四年 晉昭公 元年",-531
4223,"春秋","","辛未","十五年 蔡平侯 元年",-530
4224,"春秋","","辛未","十五年 吴王余昧 元年",-530
4225,"春秋","","壬申","十六年 鄭定公 元年",-529
4226,"春秋","","癸酉","十七年 楚平王 元年",-528
4227,"春秋","","癸酉","十七年 燕共公 元年",-528
4228,"春秋","","甲戌","十八年 曹平公 元年",-527
4229,"春秋","","乙亥","十九年 吴王僚 元年",-526
4230,"春秋","","丙子","二十年 晉頃公 元年",-525
4231,"春秋","","丁丑","二十一年",-524
4232,"春秋","","戊寅","二十二年 曹悼公 元年",-523
4233,"春秋","","戊寅","二十二年 燕平公 元年",-523
4234,"春秋","","己卯","二十三年",-522
4235,"春秋","","庚辰","二十四年 蔡悼公 元年",-521
4236,"春秋","","辛巳","二十五年",-520
4237,"春秋","","辛巳","周悼王猛 元年",-520
4238,"春秋","","壬午","周敬王姬匄 元年",-519
4239,"春秋","","癸未","二年 蔡昭侯 元年",-518
4240,"春秋","","甲申","三年",-517
4241,"春秋","","乙酉","四年 宋景公 元年",-516
4242,"春秋","","丙戌","五年 楚昭王 元年",-515
4243,"春秋","","丁亥","六年 曹襄公 元年",-514
4244,"春秋","","丁亥","六年 吴王闔閭",-514
4245,"春秋","","戊子","七年 鄭獻公 元年",-513
4246,"春秋","","己丑","八年",-512
4247,"春秋","","庚寅","九年 晉定公 元年",-511
4248,"春秋","","辛卯","十年 越王允常 元年",-510
4249,"春秋","","壬辰","十一年 鲁定公 元年",-509
4250,"春秋","","壬辰","十一年 曹隱公 元年",-509
4251,"春秋","","癸巳","十二年",-508
4252,"春秋","","甲午","十三年",-507
4253,"春秋","","乙未","十四年",-506
4254,"春秋","","丙申","十五年 陳怀公 元年",-505
4255,"春秋","","丙申","十五年 曹靖公 元年",-505
4256,"春秋","","丁酉","十六年 燕簡公 元年",-504
4257,"春秋","","戊戌","十七年",-503
4258,"春秋","","己亥","十八年",-502
4259,"春秋","","庚子","十九年 陳緡公 元年",-501
4260,"春秋","","庚子","十九年 曹伯阳 元年",-501
4261,"春秋","","辛丑","二十年 秦惠公 元年",-500
4262,"春秋","","壬寅","二十一年",-499
4263,"春秋","","癸卯","二十二年",-498
4264,"春秋","","甲辰","二十三年",-497
4265,"春秋","","乙巳","二十四年 越王勾践 元年",-496
4266,"春秋","","丙午","二十五年 吴王夫差 元年",-495
4267,"春秋","","丁未","二十六年 鲁哀公 元年",-494
4268,"春秋","","戊申","二十七年",-493
4269,"春秋","","己酉","二十八年 衛出公 元年",-492
4270,"春秋","","己酉","二十八年 燕獻公 元年",-492
4271,"春秋","","庚戌","二十九年",-491
4272,"春秋","","辛亥","三十年 秦悼公 元年",-490
4273,"春秋","","辛亥","三十年 蔡成侯 元年",-490
4274,"春秋","","壬子","三十一年 齊晏孺子荼 元年",-489
4275,"春秋","","癸丑","三十二年 齊悼公 元年",-488
4276,"春秋","","癸丑","三十二年 楚惠公 元年",-488
4277,"春秋","","甲寅","三十三年 宋灭曹",-487
4278,"春秋","","乙卯","三十四年",-486
4279,"春秋","","丙辰","三十五年",-485
4280,"春秋","","丁巳","三十六年 齊簡公 元年",-484
4281,"春秋","","戊午","三十七年",-483
4282,"春秋","","己未","三十八年",-482
4283,"春秋","","庚申","三十九年",-481
4284,"春秋","","辛酉","四十年 齊平公 元年",-480
4285,"春秋","","壬戌","四十一年 楚灭陳",-479
4286,"春秋","","癸亥","四十二年",-478
4287,"春秋","","甲子","四十三年 衛君起 元年",-477
4288,"春秋","","乙丑","四十四年 衛出公 復元元年",-476
4289,"春秋","","乙丑","秦厲共公 元年",-476
4290,"战國","","丙寅","周元王仁 元年",-475
4291,"战國","","丁卯","二年 晉出公 元年",-474
4292,"战國","","戊辰","三年 越灭吴",-473
4293,"战國","","己巳","四年",-472
4294,"战國","","庚午","五年 蔡声侯 元年",-471
4295,"战國","","辛未","六年",-470
4296,"战國","","壬申","七年",-469
4297,"战國","","癸酉","周貞定王介 元年",-468
4298,"战國","","甲戌","二年",-467
4299,"战國","","乙亥","三年 鲁悼公 元年",-466
4300,"战國","","丙子","四年",-465
4301,"战國","","丁丑","五年 燕孝公 元年",-464
4302,"战國","","丁丑","五年 越王鹿郢 元年",-464
4303,"战國","","戊寅","六年",-463
4304,"战國","","己卯","七年 鄭哀公 元年",-462
4305,"战國","","庚辰","八年",-461
4306,"战國","","辛巳","九年",-460
4307,"战國","","壬午","十年",-459
4308,"战國","","癸未","十一年 越王不壽 元年",-458
4309,"战國","","甲申","十二年 越襄子 元年",-457
4310,"战國","","乙酉","十三年 蔡元侯 元年",-456
4311,"战國","","乙酉","十三年 晉哀公 元年",-456
4312,"战國","","丙戌","十四年 衛悼公黔 元年",-455
4313,"战國","","丁亥","十五年",-454
4314,"战國","","戊子","十六年",-453
4315,"战國","","己丑","十七年",-452
4316,"战國","","庚寅","十八年",-451
4317,"战國","","辛卯","十九年 衛敬公 元年",-450
4318,"战國","","辛卯","十九年 蔡侯齊 元年",-450
4319,"战國","","辛卯","十九年 宋昭公 元年",-450
4320,"战國","","壬辰","二十年 燕成公 元年",-449
4321,"战國","","癸巳","二十一年 越王朱勾 元年",-448
4322,"战國","","甲午","二十二年",-447
4323,"战國","","乙未","二十三年 魏文候 元年",-446
4324,"战國","","丙申","二十四年",-445
4325,"战國","","丁酉","二十五年",-444
4326,"战國","","戊戌","二十六年",-443
4327,"战國","","己亥","二十七年 秦躁公 元年",-442
4328,"战國","","庚子","二十八年",-441
4329,"战國","","庚子","二十八年 周哀王去疾 元年",-441
4330,"战國","","庚子","二十八年 周思王叔 元年",-441
4331,"战國","","辛丑","周考王嵬 元年",-440
4332,"战國","","壬寅","二年",-439
4333,"战國","","癸卯","三年",-438
4334,"战國","","甲辰","四年 晉幽公 元年",-437
4335,"战國","","乙巳","五年",-436
4336,"战國","","丙午","六年",-435
4337,"战國","","丁未","七年",-434
4338,"战國","","戊申","八年 燕緡侯 元年",-433
4339,"战國","","己酉","九年",-432
4340,"战國","","庚戌","十年 衛昭公 元年",-431
4341,"战國","","庚戌","十年 楚簡王 元年",-431
4342,"战國","","辛亥","十一年",-430
4343,"战國","","壬子","十二年",-429
4344,"战國","","癸丑","十三年 秦怀公 元年",-428
4345,"战國","","癸丑","十三年 鲁元公 元年",-428
4346,"战國","","甲寅","十四年",-427
4347,"战國","","乙卯","十五年",-426
4348,"战國","","丙辰","周威烈王午 元年 衛悼公禀 元年",-425
4349,"战國","","丁巳","二年 秦靈公 元年",-424
4350,"战國","","丁巳","二年 赵恒子 元年",-424
4351,"战國","","戊午","三年 鄭幽公 元年",-423
4352,"战國","","戊午","三年 赵獻子 元年",-423
4353,"战國","","己未","四年 鄭幽公 元年",-422
4354,"战國","","庚申","五年",-421
4355,"战國","","辛酉","六年",-420
4356,"战國","","壬戌","七年 晉烈公 元年",-419
4357,"战國","","癸亥","八年",-418
4358,"战國","","甲子","九年",-417
4359,"战國","","乙丑","十年",-416
4360,"战國","","丙寅","十一年",-415
4361,"战國","","丁卯","十二年 秦簡公 元年",-414
4362,"战國","","戊辰","十三年",-413
4363,"战國","","己巳","十四年",-412
4364,"战國","","庚午","十五年 越王翳 元年",-411
4365,"战國","","辛未","十六年",-410
4366,"战國","","壬申","十七年 韩景侯 元年",-409
4367,"战國","","壬申","十七年 赵列侯 元年",-409
4368,"战國","","癸酉","十八年",-408
4369,"战國","","甲戌","十九年 鲁穆公 元年",-407
4370,"战國","","甲戌","十九年 楚声王 元年",-407
4371,"战國","","乙亥","二十年",-406
4372,"战國","","丙子","二十一年",-405
4373,"战國","","丁丑","二十二年 齊康公 元年",-404
4374,"战國","","丁丑","二十二年 田齊太公 元年",-404
4375,"战國","","戊寅","二十三年 宋悼公 元年",-403
4376,"战國","","戊寅","二十三年 魏、韩、赵初为侯",-403
4377,"战國","","己卯","二十四年 燕嫠侯 元年",-402
4378,"战國","","庚辰","周安王驕 元年 楚悼王 元年",-401
4379,"战國","","辛巳","二年 韩列侯 元年",-400
4380,"战國","","壬午","三年 秦惠公 元年",-399
4381,"战國","","癸未","四年",-398
4382,"战國","","甲申","五年",-397
4383,"战國","","乙酉","六年 魏武侯 元年",-396
4384,"战國","","丙戌","七年 鄭康公 元年",-395
4385,"战國","","丙戌","七年 宋休公 元年",-395
4386,"战國","","丁亥","八年",-394
4387,"战國","","戊子","九年",-393
4388,"战國","","己丑","十年 晉孝公 元年",-392
4389,"战國","","庚寅","十一年",-391
4390,"战國","","辛卯","十二年",-390
4391,"战國","","壬辰","十三年",-389
4392,"战國","","癸巳","十四年",-388
4393,"战國","","甲午","十五年",-387
4394,"战國","","乙未","十六年 赵敬侯 元年",-386
4395,"战國","","乙未","十六年 秦出子 元年",-386
4396,"战國","","丙申","十七年",-385
4397,"战國","","丁酉","十八年 田齊侯剡 元年",-384
4398,"战國","","丁酉","十八年 秦獻公",-384
4399,"战國","","戊戌","十九年",-383
4400,"战國","","己亥","二十年",-382
4401,"战國","","庚子","二十一年",-381
4402,"战國","","辛丑","二十二年 楚肃王 元年",-380
4403,"战國","","壬寅","二十三年 田氏并齊",-379
4404,"战國","","癸卯","二十四年",-378
4405,"战國","","甲辰","二十五年 韩哀侯 元年",-377
4406,"战國","","乙巳","二十六年 韩、魏、赵分晉",-376
4407,"战國","","乙巳","二十六年 越王諸昝 元年",-376
4408,"战國","","丙午","周烈王喜 元年 韩灭鄭",-375
4409,"战國","","丙午","鲁共公 元年",-375
4410,"战國","","丙午","田齊桓公 元年",-375
4411,"战國","","丙午","越王错枝 元年",-375
4412,"战國","","丁未","二年 韩共侯 元年",-374
4413,"战國","","丁未","二年 赵成侯 元年",-374
4414,"战國","","丁未","二年 越王无余之 元年",-374
4415,"战國","","戊申","三年",-373
4416,"战國","","己酉","四年 燕桓公 元年",-372
4417,"战國","","庚戌","五年",-371
4418,"战國","","辛亥","六年 魏惠王 元年",-370
4419,"战國","","壬子","七年 楚宣王 元年",-369
4420,"战國","","壬子","七年 宋剔成 元年",-369
4421,"战國","","癸丑","周顯王扁 元年",-368
4422,"战國","","甲寅","二年",-367
4423,"战國","","乙卯","三年",-366
4424,"战國","","丙辰","四年",-365
4425,"战國","","丁巳","五年",-364
4426,"战國","","戊午","六年",-363
4427,"战國","","己未","七年 韩嫠侯 元年",-362
4428,"战國","","己未","七年 越王无颛 元年",-362
4429,"战國","","庚申","八年 燕文侯 元年",-361
4430,"战國","","庚申","八年 秦孝公 元年",-361
4431,"战國","","庚申","八年 衛成侯 元年",-361
4432,"战國","","辛酉","九年",-360
4433,"战國","","壬戌","十年",-359
4434,"战國","","癸亥","十一年",-358
4435,"战國","","甲子","十二年",-357
4436,"战國","","乙丑","十三年 田齊威王 元年",-356
4437,"战國","","丙寅","十四年 楚灭越",-355
4438,"战國","","丁卯","十五年",-354
4439,"战國","","戊辰","十六年",-353
4440,"战國","","己巳","十七年 鲁康公 元年",-352
4441,"战國","","庚午","十八年",-351
4442,"战國","","辛未","十九年",-350
4443,"战國","","壬申","二十年 赵肃侯 元年",-349
4444,"战國","","癸酉","二十一年",-348
4445,"战國","","甲戌","二十二年",-347
4446,"战國","","乙亥","二十三年",-346
4447,"战國","","丙子","二十四年",-345
4448,"战國","","丁丑","二十五年",-344
4449,"战國","","戊寅","二十六年 鲁景公 元年",-343
4450,"战國","","己卯","二十七年",-342
4451,"战國","","庚辰","二十八年",-341
4452,"战國","","辛巳","二十九",-340
4453,"战國","","壬午","三十年 楚威王 元年",-339
4454,"战國","","癸未","三十一年",-338
4455,"战國","","甲申","三十二年 秦惠文王 元年",-337
4456,"战國","","乙酉","三十三年",-336
4457,"战國","","丙戌","三十四年 魏惠王 后元元年",-335
4458,"战國","","丁亥","三十五年",-334
4459,"战國","","戊子","三十六年",-333
4460,"战國","","己丑","三十七年 韩威侯 元年",-332
4461,"战國","","己丑","三十七年 燕易王 元年",-332
4462,"战國","","己丑","三十七年 衛平侯 元年",-332
4463,"战國","","庚寅","三十八年",-331
4464,"战國","","辛卯","三十九年",-330
4465,"战國","","壬辰","四十年",-329
4466,"战國","","癸巳","四十一年 楚怀王 元年",-328
4467,"战國","","癸巳","宋君偃 元年",-328
4468,"战國","","甲午","四十二年",-327
4469,"战國","","乙未","四十三年",-326
4470,"战國","","丙申","四十四年 韩宣王 元年",-325
4471,"战國","","丙申","赵武靈王 元年",-325
4472,"战國","","丁酉","四十五年 秦惠文王 后元元年",-324
4473,"战國","","丁酉","衛嗣君 元年",-324
4474,"战國","","戊戌","四十六年",-323
4475,"战國","","己亥","四十七年",-322
4476,"战國","","庚子","四十八年",-321
4477,"战國","","辛丑","周慎靓王定 元年 燕王喻 元年",-320
4478,"战國","","壬寅","二年",-319
4479,"战國","","癸卯","三年 魏襄王 元年",-318
4480,"战國","","甲辰","四年",-317
4481,"战國","","乙巳","五年",-316
4482,"战國","","丙午","六年",-315
4483,"战國","","丁未","周赧王延 元年 鲁平公 元年",-314
4484,"战國","","戊申","二年",-313
4485,"战國","","己酉","三年",-312
4486,"战國","","庚戌","四年 韩襄王 元年",-311
4487,"战國","","庚戌","燕昭王 元年",-311
4488,"战國","","辛亥","五年 秦武王 元年",-310
4489,"战國","","壬子","六年",-309
4490,"战國","","癸丑","七年",-308
4491,"战國","","甲寅","八年",-307
4492,"战國","","乙卯","九年 秦昭襄王 元年",-306
4493,"战國","","丙辰","十年",-305
4494,"战國","","丁巳","十一年",-304
4495,"战國","","戊午","十二年",-303
4496,"战國","","己未","十三年",-302
4497,"战國","","庚申","十四年 田齊緡王 元年",-301
4498,"战國","","辛酉","十五年",-300
4499,"战國","","壬戌","十六年",-299
4500,"战國","","癸亥","十七年 赵惠文王 元年",-298
4501,"战國","","癸亥","楚頃襄王 元年",-298
4502,"战國","","甲子","十八年",-297
4503,"战國","","乙丑","十九年",-296
4504,"战國","","丙寅","二十年 韩嫠王 元年",-295
4505,"战國","","丙寅","魏昭王 元年",-295
4506,"战國","","丙寅","鲁緡公 元年",-295
4507,"战國","","丁卯","二十一年",-294
4508,"战國","","戊辰","二十二年",-293
4509,"战國","","己巳","二十三年",-292
4510,"战國","","庚午","二十四年",-291
4511,"战國","","辛未","二十五年",-290
4512,"战國","","壬申","二十六年",-289
4513,"战國","","癸酉","二十七年",-288
4514,"战國","","甲戌","二十八年",-287
4515,"战國","","乙亥","二十九年 齊灭宋",-286
4516,"战國","","丙子","三十年",-285
4517,"战國","","丁丑","三十一年",-284
4518,"战國","","戊寅","三十二年 田齊襄王 元年",-283
4519,"战國","","己卯","三十三年 衛怀君 元年",-282
4520,"战國","","庚辰","三十四年",-281
4521,"战國","","辛巳","三十五年",-280
4522,"战國","","壬午","三十六年",-279
4523,"战國","","癸未","三十七年 燕惠王",-278
4524,"战國","","甲申","三十八年",-277
4525,"战國","","乙酉","三十九年 魏安嫠王 元年",-276
4526,"战國","","丙戌","四十年",-275
4527,"战國","","丁亥","四十一年",-274
4528,"战國","","戊子","四十二年",-273
4529,"战國","","己丑","四十三年 韩桓惠王 元年",-272
4530,"战國","","己丑","鲁頃公 元年",-272
4531,"战國","","庚寅","四十四年 燕武成王 元年",-271
4532,"战國","","辛卯","四十五年",-270
4533,"战國","","壬辰","四十六年",-269
4534,"战國","","癸巳","四十七年",-268
4535,"战國","","甲午","四十八年",-267
4536,"战國","","乙未","四十九年",-266
4537,"战國","","丙申","五十年 赵孝成王 元年",-265
4538,"战國","","丁酉","五十一年 田齊王建 元年",-264
4539,"战國","","戊戌","五十二年",-263
4540,"战國","","己亥","五十三年 楚考烈王 元年",-262
4541,"战國","","庚子","五十四年",-261
4542,"战國","","辛丑","五十五年",-260
4543,"战國","","壬寅","五十六年",-259
4544,"战國","","癸卯","五十七年",-258
4545,"战國","","甲辰","五十八年 燕孝王 元年",-257
4546,"战國","","乙巳","五十九年 秦滅周",-256
4547,"战國","","丙午","",-255
4548,"战國","","丁未","燕王喜 元年",-254
4549,"战國","","戊申","",-253
4550,"战國","","己酉","衛元君 元年",-252
4551,"战國","","庚戌","",-251
4552,"战國","","辛亥","秦孝文王 元年",-250
4553,"战國","","壬子","秦庄襄王 元年",-249
4554,"战國","","癸丑","",-248
4555,"战國","","甲寅","",-247
4556,"战國","","乙卯","秦王政 元年",-246
4557,"战國","","丙辰","",-245
4558,"战國","","丁巳","越悼襄王 元年",-244
4559,"战國","","戊午","",-243
4560,"战國","","己未","魏景緡王 元年",-242
4561,"战國","","庚申","",-241
4562,"战國","","辛酉","",-240
4563,"战國","","壬戌","",-239
4564,"战國","","癸亥","韩王安 元年",-238
4565,"战國","","甲子","楚幽王 元年",-237
4566,"战國","","乙丑","",-236
4567,"战國","","丙寅","赵王遷 元年",-235
4568,"战國","","丁卯","",-234
4569,"战國","","戊辰","",-233
4570,"战國","","己巳","",-232
4571,"战國","","庚午","",-231
4572,"战國","","辛未","秦灭韩",-230
4573,"战國","","壬申","衛君角 元年",-229
4574,"战國","","癸酉","楚哀王 元年",-228
4575,"战國","","甲戌","楚王负刍 元年 魏王假 元年",-227
4576,"战國","","甲戌","代王嘉",-227
4577,"战國","","乙亥","",-226
4578,"战國","","丙子","秦灭魏",-225
4579,"战國","","丁丑","",-224
4580,"战國","","戊寅","秦灭楚",-223
4581,"战國","","己卯","秦灭赵、灭燕",-222
4582,"战國","","庚辰","秦灭齊 统一全國",-221
