"workID","AlephSysNo","Owner","OwnerCallNo","OwnerSysNo","TitleHZ","TitlePY","UniformTitle","VariantTitle","PubStatement","PubPlaceHZ","PubPlacePY","PubNameHZ","PubNamePY","DateXF","PubStartYear","PubEndYear","DateDynastyHZ","DateDynastyPY","DateEmperorHZ","DateEmperorPY","DateCycleHZ","DateCyclePY","NumberCe","NumberJuan","Description","Summary","FormattedContents","Notes","Preface","Colophon","Illustrations","InscriptionalVerse","Fanli","Refs","worktype"
9,2185809,"HYC","5490/4704","8014468","詠雪樓稿﹕五卷，卷首一卷，附一卷(清甘立媃撰)","Yong xue lou gao: 5 juan, juan shou 1 juan, fu 1 juan ( by Gan lirou, Qing dynasty)","","","清道光二十三年（1843）徐心田半偈齋刻本。","江西奉新","Jiangxi Fengxin","半偈齋","Ban jie zhai","1843",1843,1843,"清","Qing","道光二十三年","Daoguang 23 nian","癸卯","Guimao","6","5+1+1","半葉九行二十一字，四周雙邊，白口，單魚尾。框高19.2厘米，寬12.3厘米。","","卷1-4. 詠雲樓詩存 -- 卷5. 詠雪樓詩餘, 附歸舟圖詩微, 墓銘等.","附歸舟圖詩，又像贊、墓銘22頁。","前有宋鎔序、道光二十年（1840）王若閎序、嘉慶二十一年（1816）甘立媃自序。詩餘，前有甘立媃自序。","末有道光二十三年徐心田跋。","","","","","別集"
10,2000135,"HYC","5517/8531","8014483","繡佛樓詩稿﹕二卷(清錢守璞撰)","Xiu fo lou shi gao: 2 juan (by Qian Shoupu, Qing dynasty)","","","清同治八年（1869）刻本。","虞山","Yushan","錢氏","Qian shi","1869",1869,1869,"清","Qing","同治八年","Tongzhi 8 nian","己巳","Jisi","4","2+1+1","半葉九行二十一字，左右雙邊，白口，單魚尾。框高17.7厘米，寬11.4厘米。","","序6頁。卷一67頁。卷二67頁。雜著11頁。試帖8頁。","","何褘序,錢守璞自序","","","","","《歷代婦女著作考》沒有著錄。僅著錄有錢守璞《夢雲軒詩》「未見」。","別集"
11,1998985,"HYC","5526/7254","8014487","曇花閣詩鈔﹕三集(清劉慧娟撰)","Tan hua ge shi chao: 3 ji (by Liu Huijuan, Qing dynasty)","","","清光緒十六年（1890）刻本。","香山","Xiangshan","梁氏鏡古堂","Liang shi jing gu tang","1890",1890,1890,"清","Qing","光緒十六年","Guangxu 16 nian","庚寅","Gengyin","3","4","半葉七行二十字，四周雙邊，白口，單魚尾。框高19.4厘米，寬11.3 厘米。","","計四種：治家恒言、試律、繡餘小草、餘生恨草。序等13頁。治家恒言、試律47頁。繡餘小草37頁。餘生恨草37頁。 v. 1 治家恒言, 試律 -- v. 2 繡餘小草 -- v. 3 餘生恨草. ","","前有光緒十六年(1890)戴鴻慈序,光緒六年（1880）梁煦南序、光緒六年劉慧娟自序。","","","第一冊有扉頁，刻「曇花閣詩鈔初集。周雲瑑先生鑒定。湘舲女史著」。第二冊有扉頁，刻「曇花閣詩鈔二集。周雲瑑先生鑒定。梁鏡古堂藏板」。第三冊有扉頁，刻「曇花閣詩鈔三集。周雲瑑先生鑒定。梁鏡古堂藏板」。","","《歷代婦女著作考》P.719著錄。","別集"
12,1998812,"HYC","5528/2341","8014490","佩秋閣遺稿﹕二卷﹐詞稿﹕一卷﹐文稿﹕一卷(清吳茝撰)","Pei qiu ge yi gao: 2 juan, ci gao: 1 juan, wen gao: 1 juan (by Wu Chai, Qing dynasty)","","","清光緒十四年（1888）刻本。","吳縣","Wu Xian","汪鍾霖","Wang Zhonglin","1888",1888,1888,"清","Qing","光緒元年","Guangxu yuan nian","乙亥","Yihai","2","2+1+1","半葉九行二十一字，左右雙邊，黑口，雙魚尾。框高18.7厘米，寬12.2 厘米。","","詩稿 2卷 -- 詞稿 1卷 -- 駢文稾 1卷. ","序等16頁。詩稿卷上21頁。詩稿卷下21頁。詞稿8頁。文稿7頁。","前有同治五年（1866）許賡颺序、同治十年（1871）馮桂芬序、光緒元年秦雲序、光緒元年汪鶴衢序、光緒十四年（1888）汪芑補序。","末有汪鍾霖跋。","","題「吳縣吳茝珮纕」。有扉頁，刻「佩秋閣遺稿。潘鍾瑞題。光緒元年乙亥九月開琱」。","","《歷代婦女著作考》P.312著錄。","別集"
13,1999271,"HYC","T5493/3265","8103586","繡餘吟﹕六卷﹐附詩餘一卷(清馮思慧撰)","Xiu yu yin: 6 juan, fu shi yu 1 juan (by Feng Sihui, Qing dynasty)","","","清乾隆二十九年（1764）刻本","","","","","1764",1764,1764,"清","Qing","乾隆二十九年","Qianlong 29 nian","甲申","Jiashen","2","6+1","半葉八行十九字，四周雙邊，白口，單魚尾。框高17.3厘米，寬10.2厘米。","","","題「鑑湖馮思慧睿之稿」。有扉頁，刻「繡餘吟」。卷一五言律詩四十四首，12頁。卷二七言律詩四十四首，12頁。卷三七言律詩四十三首，11頁。卷四五言絕句十六首、七言絕句三十二首，10頁。卷五七言絕句五十六首，10頁。卷六七言絕句六十首，10頁。附錄為詩餘十三首，5頁。 ","前有乾隆二十九年劉秉恬序。","","","","","《歷代婦女著作考》P.654著錄。","別集"
14,1999589,"HYC","5500/2142","8014470","繡餘續草﹕五卷(清歸懋儀撰)","Xiu yu xu cao: 5 juan (by Gui Maoyi, Qing dynasty)","","","清道光十二年 (1832)刻本","","","上海李氏","Shanghai Li shi","1832",1832,1832,"清","Qing","道光","Daoguang","壬辰","Renchen","5","5","半葉九行十九字，左右雙邊，白口，單魚尾。框高16.6厘米，寬12.1厘米。","","序6頁。卷一25頁。卷二26頁。卷三37頁。卷四34頁。卷五19頁。","","前有道光八年（1828）陶澍序、陳鑾序、道光十二年（1832）魏文瀛序。","","","題「琴川歸懋儀佩珊」。","","《歷代婦女著作考》P.784著錄。","別集"
15,1999614,"HYC","5517/7683","8014482","爨餘吟﹕二卷(清屠鏡心撰)","Cuan yu yin: 2 juan (by Tu Jingxin, Qing dynasty)","","","清同治九年（1870）刻本","","","","","1870",1870,1870,"清","Qing","同治九年","Tongzhi 9 nian","庚午","Gengwu","2","2","半葉七行二十字，四周單邊，白口，單魚尾。框高16.6厘米，寬9厘米。","","序跋等27頁。上卷22頁。下卷23頁。","","前有同治九年文廉序、張之縉序、同治六年（1867）耀曾序。戴嘉瑞、戴嘉玉、傅隱蘭、于懿、鄧渝題辭。","同治八年（1869）任珮瑛跋、同治八年萬秉跋、同治九年謙吉跋、任凱跋、同治三年（1864）任治跋。","","題「陽羨屠鏡心掃花主人賸草」。鈐印有「小玲瓏精舍」、「□業書田」。","","《歷代婦女著作考》P.627著錄。","別集"
16,2000128,"HYC","5517/8241","7339676","蓮因室詩集﹕二卷﹐詞集﹕一卷(清鄭蘭孫撰)","Lian yin shi shi ji: 2 juan, ci ji:1 juan (by Zheng Lansun, Qing dynasty)","","","清光緒元年（1875）刻本","","","","","1875",1875,1875,"清","Qing","光緒元年","Guangxu yuan nian","乙亥","Yihai","2","2+1","半葉十行二十字，左右雙邊，上白口，下黑口，單魚尾。框高17.2厘米，寬12.9厘米。","","序、題辭、跋等27頁。詩集上16頁、詩集下25頁。詞集14頁。","●燕京图书馆又有複本一部，四冊。 ●燕京图书馆又有複本一部，四冊。 ●燕京图书馆又有複本一部，一冊。 ","前有俞樾撰「鄭孺人傳」。道光二十三年（1843）徐若洲序、咸豐十年（1860）錢士杓序、咸豐二年（1852）鄭蘭孫自序。咸豐四年（1854)鄭蘭孫又序。徐鴻謨題辭。又孫念培、孫因培、俞樾、楊昌濬、許庚身、許祐身、孫煐、秦緗業題辭。又顧琇瑩、鍾維則、俞繡孫、許之瑩、張煒題辭。","末有光緒元年許樾身跋。光緒元年徐琪附記。","","有扉頁，刻「蓮因室詩詞集。光緒元年乙亥春彭玉麔署檢」。","","《歷代婦女著作考》P.744著錄。","別集"
17,1999088,"HYC","T5237.8/4246","8103026","本朝名媛詩鈔﹕六卷(清胡孝思輯)","Ben Chao Ming Yuan Shi Chao: 6 juan (edited by Hu Xiaosi, Qing dynasty)","","","清康熙五十五年（1716）凌雲閣刻本","","","凌雲閣","Linyunge","1765",1716,1716,"清","Qing","康熙五十五年","Kangxi 55 nian","丙申","Bingshen","2","6","半葉九行二十字，左右雙邊，白口，單魚尾。框高16.2厘米，寬11.4厘米。","","卷一五言古詩，計9人31首，17頁。卷二七言古詩，計9人26首，17頁。卷三五言律，計26人44首，18頁。卷四七言律，計33人68首，28頁。 卷五五言絕句，計16人23首，8頁。卷六七言絕句，計36人70首，28頁。總共126頁。 ","題「平江胡孝思抱一、朱珖友倩評輯；門人沈英萃菴、沈蔚修林校訂」。有扉頁，刻「本朝名媛詩鈔。平江胡抱一評輯。凌雲閣藏板」。扉頁上還鈐有「請勿翻閱書籍」印。封面及序等10頁。 燕京館又有複本一部，四冊。 燕京館又有複本一部，四冊，金鑲玉裝，鈐印有「金匱俞謨藏書」、「鐵林收藏金石書畫記」。  胡文楷《歷代婦女著作考》P.911 著录有误,非乾隆三十一年(1765), 按編者胡孝思序,及孫殿起《販書偶記》卷十九，《本朝名媛詩鈔》，“平江胡孝思、朱珖同評輯。康熙五十五年凌雲閣刊”，是此書當刊於康熙五十五年(1716 年)。(Grace Fong 2012.12.03)","前有康熙五十五年胡孝思序。","","","","凡例七則。又有「本朝名媛詩鈔姓氏」。","《歷代婦女著作考》P.911著錄。","總集"
18,1999099,"HYC","T5237.08/7163","8102773","歷朝名媛詩詞﹕十二卷(清陸昶輯)","Li chao ming yuan shi ci: 12 juan (edited by Lu Chang, Qing dynasty)","","","清乾隆三十八年（1773）紅樹樓刻本","","","紅樹樓","Hong shu lou","1773",1773,1773,"清","Qing","乾隆三十八年","Qianlong 38 nian","癸巳","Gui si","6","12","半葉九行十九字，左右雙邊，白口，無魚尾。框高15.8厘米，寬12.3厘米。","","封面及序、目錄、跋等27頁。卷一20頁。卷二20頁。卷三23頁。卷四20頁。卷五24頁。卷六21頁。卷七20頁。卷八20頁。卷九23頁。卷十19頁。卷十一25頁。卷十二6頁。","目錄頁題「吳門陸昶梅垞評選；同學程琰東冶、宋思敬秋崖閱定」。有扉頁，刻「歷朝名媛詩詞。乾隆癸巳新鐫。紅樹樓藏板」。林萬棟跋後有「有耀齋王鳳儀刻字」一行。 本書第五卷缺王韞秀﹑張窈窕部份詩。","前有乾隆三十八年（1772）王鳴盛序。宋思敬序。乾隆三十八年陸昶序。程琰序。","末有陸昌吉跋、林萬棟跋。","有圖","","凡例十二則，為陸昶撰。","《歷代婦女著作考》P.916著錄。","總集"
19,1976158,"HYC","T5236.07/4844","7775371","古今女史﹕十二卷﹐詩集﹕八卷﹐附姓氏字里詳節﹕一卷(明趙世杰輯)","Gu jin nü shi: 12 juan, shi ji: 8 juan, fu Xing shi zi li xiang jie: 1 juan (edited by Zhao shijie, Ming dynasty)","","","明崇禎(1628-1644)問奇閣刻本","","","問奇閣","Wen qi ge","1628-1644",1628,1644,"明","Ming","崇禎","Chongzhen","","","12","12+8+1","半葉九行二十字，四周單邊，白口，單魚尾。框高20厘米，寬13.5厘米。金鑲玉裝。","","序等14頁。目錄21頁。卷一41頁。卷二4頁。卷三40頁。卷四19頁。卷五12頁。卷六15頁。卷七14頁。卷八53頁。卷九18頁。卷十19頁。卷十一44頁。卷十二24頁。詩集卷一27頁。卷二35頁。卷三32頁。卷四26頁。卷五55頁。卷六49頁。卷七28頁。卷八51頁。詳節91頁。 ","燕京館又有覆本一部，十四冊。 ","前有崇禎元年（1628）錢受益序、趙如源序。趙世杰撰。","","","題︰「武林趙世杰問奇選輯、仁和江之淮道行參訂」。金鑲玉裝。有扉頁，刻「古今女史。問奇閣藏板」。又刻「閨閣詞章，久為傳誦，須家標世揭，始成全帙，儻俯近遺遠，終非大觀。是集也，上朔秦漢，下迄元明，搜翠幙之瓊瑤，馨香奩之錦繡，綜囗既精，校讎復榷。海內博覽鴻儒，自具鑒賞。問奇主人識。」。","凡例六則","《歷代婦女著作考》P.888著錄。","總集"
20,2186265,"HYC","9111/5327","8016002","泰州仲氏閨秀集合刻﹕七種(清仲蓮慶等撰)","Taizhou Zhong shi gui xiu ji he ke: 7 zhong (by Zhong Lianqing, Qing dynasty)","","","清嘉慶十二年（1807）刻本。","","","","","1807",1807,1807,"清","Qing","嘉慶十二年","Jiaqing 12 nian","丁卯","Dingmao","2","1+1+1+1+1","半葉九行二十五字，四周單邊，白口，單魚尾。框高20.2厘米，寬10.1厘米。","","   碧香女史遺草一卷    清仲蓮慶撰。    綺泉女史遺草一卷    清仲振宜撰    瑤泉女史遺草一卷    清仲振宣撰    辟塵軒詩鈔一卷    清趙箋霞撰    綺雲闈遺草一卷    清洪湘蘭撰  碧香詩41首、綺泉137首、瑤泉34首。辟塵軒106首。綺雲闈14首。後附仲貽鑾23首、張貽5首。 ","頁數相連，共67頁。","《碧香女史遺草》前有仲振奎序。《綺泉女史遺草》前有趙箋霞序。《辟塵軒詩鈔》前有嘉慶十二年仲振奎序。","","","三種分題「泰州女史仲蓮慶碧香」。題「泰州女史仲振宜薌雲」。題「泰州女史仲振宣芝雲」。題「廣陵女史趙箋霞書雲」。題「真州女史洪湘蘭畹香」。","","《歷代婦女著作考》P.271、P.270、P.708、P.435著錄。","合刻"
24,1998587,"HYC","5213/3908","8012897","閩川閨秀詩話﹕四卷(清梁章鉅撰)","Min chuan gui xiu shi hua: 4 juan (by Liang Zhangju, Qing dynasty)","","","光緖元年(1875)清刻本","福州","Fuzhou","福州梁氏","Fuzhou Liang shi","1875",1875,1875,"清","Qing","光緖元年","Guangxu yuan nian","乙亥","Yihai","1","4","半葉九行二十二字，左右雙邊，上白口，下黑口，單魚尾。框高18.1厘米，寬12.9厘米。","","序、目錄5頁。卷一17頁。卷二15頁。卷三22頁。卷四20頁。","此書與《閩川閨秀詩話》同函。","前有道光二十九年（1849）梁韻書序。","","","題「福州梁章鉅撰」。卷四末頁刻「甌郡梅姓師古齋鐫」。又有「侯官丁氏吉雲軒印行」紅色鈐印。","","《歷代婦女著作考》P.953著錄。","詩話"
21,1999234,"HYC","T5241.28/2369.2","8102865","吳中女士詩鈔(清任兆麟輯,張滋蘭選)","Wu zhong nü shi shi chao (edited by Ren Zhaolin, Qing dynasty)","","","清乾隆五十四年（1789）刻本","","","","","1789",1789,1789,"清","Qing","乾隆五十四年","Qianlong 54 nian","己酉","Jiyou","4","12","半葉九行十九字左右雙邊，白口，單魚尾。書口上刻「林屋吟榭」。框高17.5厘米，寬11.1厘米。","","  ●清溪詩稿一卷，清張滋蘭撰。題「匠門女史張氏滋蘭著；同學諸子參閱」。前   有乾隆五十三年（1788）任兆麟序。末有乾隆五十三年宋林跋。   ●兩面樓詩稿一卷，清張芬撰。題「心齋居士任兆麟文田閱定；長洲女子張芬   紫蘩著；愚姐滋蘭清溪選」。前有乾隆五十六年（1791）任兆麟序。   ●賞奇樓蠹餘稿一卷，清陸瑛撰。題「林屋山人任兆麟閱定；素窗女史陸瑛著；   清溪同學張允滋選」。前有江珠題詞、乾隆五十四年張芬題詞。   ●琴好樓小製一卷，清李媺撰。題「心齋居士任兆麟閱定；婉兮女史李媺著；   清溪同學張允滋選」。前有乾隆五十四年悟源題詞。   ●采香樓詩集一卷，清席蕙文撰。題「心齋居士任兆麟閱定；耘芝女史席蕙文撰   ；清溪同學張滋蘭選」。前有乾隆五十四年江珠序。   ●修竹廬吟稿一卷，清朱宗淑撰。題「心齋居士任兆麟閱定；長洲朱宗淑翠娟   著；匠門張滋蘭清溪選」。前有乾隆五十四年任兆麟序。   ●青藜閣集一卷，清江珠撰。題「林屋山人任兆麟閱定；吳中女史江珠碧岑著   ；同學張允滋滋蘭、沈纕蕙孫選」。前有乾隆五十三年（1788）江珠自序。   ●翡翠樓集一卷浣紗詞一卷，清沈纕撰。題「林屋山人任兆麟閱定；散花女   史沈纕蕙孫著；清溪同學張允滋滋蘭選」。無序。   ●曉春閣詩稿一卷，清尤澹仙撰。題「林屋山人任兆麟心齋閱定；清溪內史張   允滋選；寄湘女子尤澹仙著」。前有乾隆五十四年任兆麟序、沈持玉序。   ●停雲閣詩稿一卷，清沈持玉撰。題「林屋山人任兆麟心齋閱定；清溪內史張   滋蘭選；皎如女子沈持玉著」。前有乾隆五十四年尤澹仙序。   ●愛蘭詩鈔一卷，清王瓊撰。題「震澤任兆麟心齋選定；丹徒碧雲王瓊撰；長   洲月樓張芬、波仙馬素貞校」。前有乾隆五十九年（1794）王鳴盛序、乾隆五   十九年任兆麟序、張芬序、乾隆五十九年馬素貞序、金逸序。   ●翡翠林雅集一卷，清沈纕輯。題「玉香仙子沈纕蕙孫撰」。乾隆五十四年沈   纕序。   ●簫譜一卷，清任兆麟撰。前有乾隆五十四年沈纕序、乾隆五十四年江珠後序。  序等計9頁。清溪詩稿17頁。兩面樓詩稿24頁。賞奇樓蠹餘稿7頁。琴好樓小製4頁。采香樓詩集8頁。修竹廬吟稿9頁。青藜閣集20頁。翡翠樓集27頁。曉春閣詩稿18頁。停雲閣詩稿6頁。愛蘭詩鈔33頁。翡翠林雅集11頁。簫譜10頁。","此書一名《吳中十子詩鈔》。有扉頁。 ","前有乾隆五十四年許寶善序。乾隆五十五年（1789）潘奕雋序。乾隆五十四年任兆麟序。","","","石鈞題詞。有「姓氏」。刻「吳中女士詩鈔。心齋居士任文田閱定。清溪女史選錄。己酉夏鐫。十子合集。附散花女史手書簫譜。愛蘭集附」。","","《歷代婦女著作考》P851著錄。但書名作《吳中十子詩鈔》。","合刻"
22,1998577,"HYC","5532.9/4122","8014191","南湘室詩草﹕一卷﹐詩餘﹕一卷(姚倩、姚茞撰)","Nan xiang shi shi cao: 1 juan; shi yu, 1 juan (by Yao Qian, Yao Chai)","","","1915年日本排印本。","日本","Riben","","","1915",1915,1915,"民國","Minguo","四年","4 nian","乙卯","Yimao","1","1+1","","","題詞等4頁。詩50頁。詩餘37頁。","","","","","題「虞山姚倩、茞學」。前有林鵾翔題詞、民國四年（1915）朱紈題詞。詩餘前有林鵾翔題詞、民國四年（1915）朱紈題詞。","","胡文楷著錄此集題為“南湘室詩草﹐”但著作者名為姚鴻倩, 姚鴻茝。見《歷代婦女著作考》﹐422頁。","別集"
23,1999516,"HYC","5235.87/0941","6947742","夢湘樓詩稿﹕二卷﹐詞稿﹕一卷﹔繭香館吟艸﹕一卷﹐繡餘詞草﹕一卷(清宗婉等撰)","Meng xiang lou shi gao: 2 juan, ci gao: 1 juan; jian xiang guan yin cao: 1 juan, xiu yu ci cao: 1 juan (by Zong Wan, Qing dynasty)","","","清光緒六年（1880）常熟宗氏刻本","常熟","Changshu","宗氏","Zong shi","1880",1880,1880,"清","Qing","光緒六年","Guangxu 6 nian","庚辰","Gengchen","4","2+1+1+1","半葉十行二十二字，左右雙邊，黑口，單魚尾。框高17.2厘米，寬12厘米。","","   夢湘樓詩稿二卷詞稿一卷 清宗婉撰    繭香館吟艸一卷 清宗粲撰。    繡餘詞草一卷  清錢念生撰 序等5頁。詩稿48頁。詞稿15頁。吟艸14頁。詞草6頁。","","前有光緒六年(1880)宗廷輔序、同治三年（1864）翁同龢序。","詞草末有光緒六年(1880)宗廷輔跋。","","詩稿、詞稿題「常熟宗婉婉生著」。吟艸題「常熟宗粲倩宜著」。詞草題「常熟錢念生咀霞著」。有扉頁，刻「夢湘合稿。夢湘樓詩稿二卷。詞稿一卷。繭香館吟艸一卷。附繡餘詞一卷。光緒庚辰春日常熟宗氏刊行」。","","《歷代婦女著作考》P.391著錄。","合刻"
25,1999528,"HYC","5213/4632B","8012903","閨秀詞話﹕四卷(雷瑨、雷瑊輯)","Gui xiu ci hua: 4 juan (edited by Lei Jin, Lei Jian)","","","民國五年（1916）掃葉山房石印本","","","掃葉山房","Sao ye shan fang","1916",1916,1916,"民國","Minguo","五年","5 nian","丙辰","Bingchen","1","4","半葉十四行三十字，左右雙邊，白口，單魚尾。書口下有「掃葉山房」。框高16.5厘米，寬11.5厘米。","","卷一16頁。卷二15頁。卷三15頁。卷四16頁。","無序跋。此書與《閨秀詩話》、《青樓詩話》同函。","","","","題「松江雷瑨君曜、瑊君彥同輯」。有扉頁，刻「閨秀詞話。丙辰仲春付印。掃葉山房發行」。","","《歷代婦女著作考》P.954著錄，作「雷瑨輯」。","詩話"
26,2178418,"HYC","5213/3908","8012897","閩川閨秀詩話續編﹕四卷(清丁芸輯)","Min chuan gui xiu shi hua xu bian: 4 juan (edited by Ding Yun, Qing dynasty)","","","民國三年（1914）刻本。","","","","","1914",1914,1914,"民國","Minguo","三年","3 nian","甲寅","Jiayin","2","4","半葉十行二十二字，左右雙邊，白口，單魚尾。框高18.6厘米，寬12.9厘米。","","","此書與《閩川閨秀詩話》同函。序、目錄14頁。卷一15頁。卷二18頁。卷三17頁。卷四13頁。 ","前有光緒三十四年（1908）薛紹徽序。謝章鋌撰「丁耕鄰墓誌銘」。","末有光緒二十二年（1896）楊蘊輝書後。","","題「侯官丁芸耕鄰編輯；男震校刊；永福力鈞軒舉、閩縣林昌虞洛如參訂」。有扉頁，刻「閩川閨秀詩話續編四卷。長樂謝枚如先生鑑定。侯官郭茞宜題。甲寅五月鐫於京師」。","","《歷代婦女著作考》P.954著錄，作「丁耘輯」。","詩話"
28,1998549,"HYC","5213/4632B","8012902","青樓詩話﹕二卷(雷瑨輯)","Qing lou shi hua: 2 juan (edited by Lei Jin)","","","民國五年（1916）掃葉山房石印本。","","","掃葉山房","Sao ye shan fang","1916",1916,1916,"民國","Minguo","五年","5 nian","丙辰","Bingchen","1","2","半葉十四行三十字，左右雙邊，白口，單魚尾。書口下有「掃葉山房」。框高16.4厘米，寬11.4厘米。","","","無序跋。目錄等3頁。卷上14頁。卷下9頁。 此書與《閨秀詩話》、《閨秀詞話》同函。 ","","","","題「松江雷瑨君曜輯」。有扉頁，刻「青樓詩話。丙辰仲春付印。掃葉山房發行」。","","《歷代婦女著作考》P.954著錄。","詩話"
29,1998517,"HYC","5213/4632B","8012901","閨秀詩話﹕四卷(苕溪生輯)","Gui xiu shi hua: 4 juan (edited by Tiaoxisheng)","","","民國丙寅(1926)鉛印本。","","","民國廣益書局","Minguo guan yi shu ju","1926",1926,1926,"民國","Minguo","十五年","15 nian","丙寅","Binyin","1","4","","","卷一8頁。卷二11頁。卷三9頁。卷四8頁。","無序跋目錄。此書與《青樓詩話》、《閨秀詞話》同函。  ","","","","題「苕溪生輯」。","","《歷代婦女著作考》P.954著錄，為1928年掃葉山房石印本。清史稿志一百二十三作梁章鉅撰。","詩話"
30,1999523,"HYC","2261.5/9519","8012872","蘭閨寶錄﹕六卷(清惲珠輯)","Lan gui bao lu: 6 juan (edited by Yun Zhu, Qing dynasty)","","","清道光十一年（1831）紅香館刻本。","","","紅香館","Hong xiang guan","1831",1831,1831,"清","Qing","道光十一年","Daoguang 11 nian","辛卯","Xinmao","4","6","半葉九行十九字，四周單邊，白口，雙魚尾。書口下刻「紅香館」。框高12.9厘米，寬10厘米。","","序、目錄等8頁。卷一30頁。卷二45頁。卷三23頁。卷四52頁。卷五29頁。卷六16頁。","","前有道光十一年完顏惲珠序。","","","題「後學惲珠珍浦氏恭輯、女孫伊蘭保恭校」。有扉頁，刻「蘭閨寶錄。道光辛卯鐫。紅香館藏版」。卷六末頁刻「汴省龍文齋刷印裝訂成部」一行。","","《歷代婦女著作考》P.636著錄。","傳"
31,1999274,"HYC","T5517/1342","7308897","芸香館遺詩﹕二卷(清那遜蘭保撰)","Yun xiang guan yi shi: 2 juan (by Naxunlan Bao, Qing dynasty)","","","清同治十三年（1874）寫刻本。","","","","","1874",1874,1874,"清","Qing","同治十三年","Tongzhi 13 nian","甲戌","Jiaxu","1","2","半葉八行十九字，左右雙邊，黑口，單魚尾。框高19.9厘米，寬12.8厘米。","","序跋等8頁。卷上12頁。卷下13頁。","●燕京館又有複本一部，一冊。 ●燕京館又有複本一部，一冊。 ●燕京館又有複本一部，一冊。 ","前有同治十三年李慈銘序。","末有同治十三年盛昱跋。","","題「喀爾喀部落女史那遜蘭保蓮友著」。有扉頁，刻「芸香館遺詩二卷。同治甲戌夏四月朔兀魯特錫縝謹署」。","","《歷代婦女著作考》P.815著錄。","別集"
32,1999283,"HYC","T9117/4344","8104976","繡餘吟稿﹕一卷(清袁棠撰)","Xiu yu yin gao: 1 juan (by Yuan Tang, Qing dynasty)","","","清刻《隨園三十種》本","","","","","1796-1820",1796,1820,"清","Qing","乾隆嘉慶","Qianlong Jiaqing","","","1","1","半葉十一行二十一字，左右雙邊，白口，單魚尾。框高16.5厘米，寬11.5厘米。","","","此本為《隨園三十種》中之《袁家三妹合稿》之零種。序等2頁。吟稿20頁。","前有袁枚序（缺去末頁）。有扉頁，刻「繡餘吟稿。隨園藏板」。","","","題「袁棠字雲扶號秋卿」。","","《歷代婦女著作考》P.492著錄。未著錄版本。","別集"
33,1999292,"HYC","T9117/4344","8104977","樓居小草﹕一卷(清袁杼撰)","Lou ju xiao cao: 1 juan (by Yuan Zhu, Qing dynasty)","","","清嘉慶間(1796-1820)刻本。","","","","","1796-1820",1796,1820,"清","Qing","嘉慶","Jiaqing","","","1","1","半葉九行十九字，左右雙邊，白口，單魚尾。框高17.3厘米，寬12厘米。","","","此本為《隨園三十種》中之《袁家三妹合稿》之零種。序等4頁。吟稿14頁。隨園三〇種 ; 55 ","前有汪孟翊序、袁枚序。嚴長明題辭。有扉頁，刻「樓居小草題辭」。","","","題「袁杼著」。","","《歷代婦女著作考》P.490著錄。作「乾隆間刻本」。","別集"
34,1999315,"HYC","T9117/4344","8104978","素文女子遺稿(清袁機撰)","Suwen nü zi yi gao (by Yuan Ji, Qing dynasty)","","","清嘉慶間(1796-1820)刻本。","","","","","1796-1820",1796,1820,"清","Qing","嘉慶","Jiaqing","","","1","1","半葉九行十九字，四周單邊，白口，單魚尾。框高17.2厘米，寬11.9厘米。","","","前有袁枚撰「女弟素文傳」。附錄有袁枚「哭三妹五十韻」。此本為《隨園三十種》中之《袁家三妹合稿》之零種。傳等二頁。遺稿加附錄共十頁。","汪穀序。","","","題「袁機著」。有扉頁，刻「素文女子遺稿。隨園藏板」。","","《歷代婦女著作考》P.494著錄。作「乾隆間刻本」。","別集"
35,1999326,"HYC","T9117/4344","8014375","隨園女弟子詩選﹕六卷(清袁枚輯)","Suiyuan nü di zi shi xuan: 6 juan (edited by Yuan Mei, Qing dynasty)","","","淸嘉慶道光年間(1796-1850)坊刻巾箱本","","","","","1796-1850",1796,1850,"清","Qing","","","","","4","6","半葉十一行二十一字，左右雙邊，上黑口，下細黑口，單魚尾。框高18.6厘米，寬13.8厘米。書眉上刻評。","","","序等3頁。卷一28頁。卷二19頁。卷三26頁。卷四21頁。卷五22頁。卷六7頁。 ●燕京館又有複本一部，二冊，號為︰5237.88/4344.2B ●燕京館又有此書一部，二冊，但為四卷，和六卷本相較，為同一版。四卷本應   為初印本，並非殘本。又四卷本和六卷本的扉頁不同版。《歷代婦女著作考》   未著錄四卷本。 ","前有嘉慶元年（1796）汪穀序。","","","有扉頁，刻「隨園女弟子詩選」。","","《歷代婦女著作考》P.933著錄。作「清嘉慶元年刻本」。","總集"
36,2189792,"HYC","5235.8/3173","6944074","畹香樓詩集﹕二卷(清梁蘭漪撰)","Wan xiang lou shi ji: 2 juan (by Liang Lanyi, Qing dynasty)","","","清光緒二十一年（1895）飛鴻閣書林石印本。","","","飛鴻閣書林","Fei hong ge shu lin","1895",1895,1895,"清","Qing","光緒二十一年","Guangxu 21 nian","乙未","Yiwei","1","2","半葉十行二十五字，四周雙邊，下黑口，單魚尾。框高18.9厘米，寬12厘米。","","","序等3頁。卷一29頁。卷二29頁。與《鐵盂齋詩鈔》、《據梧吟館詩稿》同函。 ","前有光緒二十年孫星華序。","","","題「廣陵梁蘭漪素涵蓉溪氏」。有扉頁，刻「畹香樓詩稿。光緒乙未夏曹用霖署檢。上洋飛鴻閣書林印」。","","《歷代婦女著作考》P.546著錄。","別集"
37,1999539,"HYC","5237.8/4970","7210387","國朝閨閣詩鈔﹕一百種一百卷(清蔡殿齊輯)","Guo chao gui ge shi chao: 100 zhong 100 juan (edited by Cai Dianqi, Qing dynasty)","","","清道光二十四年（1844）刻本。","","","","","1844",1844,1844,"清","Qing","道光二十四年","Daoguang 24 nian","甲辰","Jiachen","10","100","半葉八行十八字，四周雙邊，黑口，無魚尾。書口下刻「　　別館藏書」。框高12.7厘米，寬9厘米。","","   第一冊56頁︰    卷一鏡閣新集一卷，清朱中楣撰。    卷二嘯雪庵詩鈔一卷，清吳綃撰。    卷三臥雪軒詩稿一卷，清顧若璞撰。    卷四徐都講詩一卷，清徐昭華撰。    卷五青山集一卷，清吳山撰。    卷六素賞樓詩稿一卷，清陳皖永撰。    卷七凝翠樓詩集一卷，清王慧撰。    卷八凝香室詩鈔一卷，清祡靜儀撰。    卷九硯隱集一卷，清張學象撰。    卷十玉窗遺稿一卷，清葛宜撰。     第二冊52頁︰    卷一蘊真軒小草一卷，清蔡琬撰。    卷二林下風清集一卷，清李國梅撰。    卷三湘靈集一卷，清馮嫻撰。    卷四古香樓詩集一卷，清錢鳳綸撰。    卷五竹隱樓詩草一卷，清賀桂撰。    卷六鳳簫樓詩集一卷，清林以寧撰。    卷七繡餘小稿一卷，清紀瓊撰。    卷八蠹窗詩集一卷，清張令儀撰。    卷九疏影軒詩稿一卷，清何玉瑛撰。    卷十片石齋燼餘草一卷，清馬士琪撰。     第三冊52頁：    卷一培遠堂詩集一卷，清張藻撰。    卷二悟雪堂詩鈔一卷，清吳若冰撰。    卷三綠淨軒詩鈔一卷，清徐德音撰。    卷四柴車倦遊集一卷，清鍾令嘉撰。    卷五玉芳亭詩集一卷，清陳淑秀撰。    卷六靜香閣詩草一卷，清倪瑞璿撰。    卷七清香閣詩鈔一卷，清姚德耀撰。    卷八一桂軒詩鈔一卷，清李毓清撰。    卷九鴻寶樓詩鈔一卷，清楊鳳姝撰。    卷十瑞圃詩鈔一卷，清蘇世璋撰。     第四冊56頁：    卷一問花樓詩集一卷，清許權撰。    卷二在璞堂吟稿一卷，清方芳佩撰。    卷三浣青詩一卷，清錢孟鈿撰。    卷四臥雪軒吟草一卷，清杭澄撰。    卷五繡餘草一卷，清李葆素撰。    卷六職思居詩鈔一卷，清張佛繡撰。    卷七聊一軒詩稿一卷，清沈蕙玉撰。    卷八綠秋書屋詩集一卷，清張因撰。    卷九聽月樓遺草一卷，清汪韞玉撰。    卷十紅雪軒詩稿一卷，清高景芳撰。     第五冊53頁：    卷一蘩香詩草一卷，清李含章撰。    卷二長離閣詩集一卷，清王采薇撰。    卷三石蘭詩鈔一卷，清胡慎儀撰。    卷四盈書閣遺稿一卷，清袁棠撰。    卷五采香樓詩草一卷，清席蕙文撰。    卷六吟香摘蠹集一卷，清楊惺惺撰。    卷七鶴語軒詩集一卷，清許燕珍撰。    卷八兩面樓詩稿一卷，清張芬撰。    卷九蘭圃遺草一卷，清胡佩芳撰。    卷十青藜閣詩集一卷，清江珠撰。     第六冊55頁：    卷一瑤草軒詩鈔一卷，清閔肅英撰。    卷二不櫛吟一卷，清潘素心撰。    卷三澹如軒吟草一卷，清朱鎮撰。    卷四起雲閣詩鈔一卷，清鮑之蘭撰。    卷五修竹廬吟稿一卷，清朱宗淑撰。    卷六花語軒詩鈔一卷，清金若蘭撰。    卷七韻松樓詩集一卷，清顧慈撰。    卷八味雪樓詩稿一卷，清宋鳴瓊撰。    卷九望雲閣詩集一卷，清郭芬撰。    卷十清娛閣吟稿一卷，清鮑之蕙撰。     第七冊57頁：    卷一唐宋舊經樓稿一卷，清孔璐華撰。    卷二白鳳樓詩鈔一卷，清楊舫撰。    卷三長真閣詩稿一卷，清席佩蘭撰。    卷四玉簫樓詩集一卷，清孫雲鳳撰。    卷五瘦吟樓詩草一卷，清金逸撰。    卷六綠陰紅雨軒詩鈔一卷，清帥翰階撰。    卷七聽秋軒詩稿一卷，清駱綺蘭撰。    卷八寄梅館詩鈔一卷，清王倩撰。    卷九織雲樓詩稿一卷，清廖雲錦撰。    卷十貽硯齋詩稿一卷，清孫蓀意撰。     第八冊51頁：    卷一繪聲閣詩稿一卷，清陳長生撰。    卷二琴香閣詩箋一卷，清蔣徽撰。    卷三曉春閣詩集一卷，清尤澹仙撰。    卷四貯月軒詩稿一卷，清郭佩蘭撰。    卷五翡翠樓詩集一卷，清沈纕撰。    卷六繡餘小草一卷，清歸懋儀撰。    卷七吟香館詩草一卷，清汪蘆英撰。    卷八環碧軒詩集一卷，清沈綺撰。    卷九藕香館詩鈔一卷，清何佩玉撰。    卷十露香閣詩草一卷，清嚴蕊珠撰。     第九冊54頁：    卷一瑤草珠華閣詩鈔一卷，清席慧文撰。    卷二澹蘜軒詩稿一卷，清張　英撰。    卷三吟紅閣詩鈔一卷，清夏伊蘭撰。    卷四綠窗吟稿一卷，清王素雯撰。    卷五繡篋小集一卷，清高篃撰。    卷六養花軒詩鈔一卷，清吳芸華撰。    卷七簪花閣詩鈔一卷，清郭潤玉撰。    卷八自然好學齋詩集一卷，清汪端撰。    卷九繡吟樓詩鈔一卷，清譚紫瓔撰。    卷十鵠吟樓詩鈔一卷，清傅紫璘撰。     第十冊84頁：    卷一印月樓詩集一卷，清王璊撰。    卷二小鷗波館詩鈔一卷，清陸韻梅撰。    卷三錦槎軒詩稿一卷，清張襄撰。    卷四絮雪吟一卷，清朱景素撰。    卷五敏求齋詩集一卷，清王繼藻撰。    卷六焚餘小草一卷，清甘啟華撰。    卷七鏡倚樓小稿一卷，清章孝貞撰。    卷八佩湘詩稿一卷，清范漣撰。    卷九花鳳樓吟稿一卷，清蔡紫瓊撰。    卷十韻香書室吟稿一卷，清萬夢丹撰。 ","一百種一百卷。 燕京館又有覆本一部，十冊。 燕京館又有覆本一部，十冊。 ","前有道光二十四年蔡殿齊序。","","","參訂姓氏題「德化蔡殿齊槑盦編次；奉新甘晉仲湟輯傳；吳縣潘曾瑩星齋覆輯；南豐湯雲林桂生、彭澤張馥蘭坡校閱；湖口梅士蘭湘帆、彭澤歐陽士玉六寄、瑞昌雷壽南竹虛覆校。」有扉頁，刻「國朝閨閣詩鈔」。","","《歷代婦女著作考》P.856著錄。","總集"
38,2000656,"HYC","5237.88/9519","7037384","國朝閨秀正始集﹕二十卷﹐附錄﹕一卷﹐補遺﹕一卷﹐又附題詞﹕一卷(清惲珠輯)","Guo chao gui xiu zheng shi ji: 20 juan, fu lu: 1 juan, bu yi: 1 juan, you fu ti ci: 1 juan (edited by Yun Zhu, Qing dynasty)","","","清道光十一年（1831）紅香館刻本。","","","紅香館","Hong xiang guan","1831",1831,1831,"清","Qing","道光十一年","Daoguang 11 nian","辛卯","Xinmao","8","20+1+1+1","半葉九行十九字，四周單邊，白口，雙魚尾。書口下刻「紅香館」。框高13.2厘米，寬10.1厘米。","","序跋目錄等31頁。卷一25頁。卷二23頁。卷三24頁。卷四22頁。卷五22頁。卷六23頁。卷七23頁。卷八22頁。卷九24頁。卷十22頁。卷十一21頁。卷十二21頁。卷十三22頁。卷十四23頁。卷十五24頁。卷十六24頁。卷十七25頁。卷十八25頁。卷十九23頁。卷二十24頁。附錄23頁。補遺34頁。題詞9頁。","燕京館又有覆本一部，六冊。","前有道光九年（1829）完顏惲珠序、道光九年潘素心序、道光十一年黃友琴序。","末有石黛卿後序、道光十一年程孟梅跋。","","題「完顏惲珠珍浦輯、女孫伊蘭保校字」。有扉頁，刻「閨秀正始集。道光辛卯鐫。紅香館藏板」。末頁刻「汴省龍文齋刷印裝訂成部」。","有例言十一則。","《歷代婦女著作考》P.918著錄。","總集"
39,2189798,"HYC","5237.88/9519","7037384","國朝閨秀正始續集﹕十卷﹐附錄﹕一卷﹐補遺﹕一卷﹐輓詞﹕一卷(清惲珠輯)","Guo chao gui xiu zheng shi xu ji: 10 juan, fu lu: 1 juan, bu yi: 1 juan, wan ci: 1 juan (edited by Yun Zhu, Qing dynasty)","","","清道光十六年（1836）紅香館刻本。","紅香館","Hong xiang guan","","","1836",1836,1836,"清","Qing","道光十六年","Daoguang 16 nian","丙申","Bingshen","4","10+1+1+1","半葉九行十九字，四周單邊，白口，雙魚尾。書口下刻「紅香館」。框高13.2厘米，寬10.1厘米。","","序跋目錄等19頁。卷一22頁。卷二21頁。卷三22頁。卷四23頁。卷五24頁。卷六25頁。卷七24頁。卷八24頁。卷九23頁。卷十25頁。補遺81頁。輓詞13頁。此續集在《正始集》的第七至十冊。 ","輓詞為妙蓮保輯。","前有道光十五年（1835）潘素心序、道光十六年金翁瑛序。道光十五年妙蓮保小引。","末有道光十六年宗梅跋。","","題「完顏惲珠珍浦選、女孫妙蓮保、佛芸保編校」。有扉頁，刻「閨秀正始續集。道光丙申鐫。紅香館藏板」。補遺後刻「姑蘇吳青霞局刻」。","","《歷代婦女著作考》P.918著錄。","總集"
40,1999049,"HYC","5431/2321","7238565","徐烈婦詩鈔﹕二卷﹐附吳絳雪年譜﹕一卷(清吳宗愛撰)","Xu lie fu shi chao: 2 juan, fu Wu Jiangxue nian pu:1 juan (by Wu Zongai, Qing dynasty)","","","清光緒元年(1875)雲鶴仙館刻本。","","","雲鶴仙館","Yun he xian guan","1875",1875,1875,"清","Qing","光緒元年","Guangxu yuan nian","乙亥","Yihai","1","2+1","半葉九行二十二字，左右雙邊，白口，單魚尾。書眉上刻評，書口下刻「雲鶴仙館」。框高16.7厘米，寬11.5厘米。","","卷一為六宜樓稿。卷二綠華草稿。序等15頁。年譜8頁。題詞8頁。卷一12頁。卷二11頁。","吳絳雪年譜，為俞樾撰。與《同心梔子圖續編》同函。","前有咸豐四年（1854）許楣序、咸豐二年（1852）吳廷康序、同治十三年（1874）秦緗業序。許楣撰「徐烈婦傳」。陳其泰撰「書徐烈婦傳後」。光緒元年（1875）希元撰「紀康熙十三年耿藩叛擾浙東克復各郡縣事略即書於永康烈婦徐吳氏傳後」。咸豐二年（1852）吳廷康序、同治十三年（1874）秦緗業序。又有題詞。楊晉藩、屠瑞霞、楊璿華、楊昭華、楊璐撰「永康烈婦吳絳雪詩後論」等。 ","末有附報素聞書並回文。咸豐四年陳其泰跋。","","題「永康吳宗愛絳雪著；德清俞樾蔭甫、東陽王崇炳虎文編集；梁谿秦緗業澹如鑒定；海鹽陳其泰琴齋校訂；陽湖楊晉藩蕉隱、海昌許楣幸木評閱」。鈐印有「城南？？司大使印」（滿漢文）、「吳印廷康」、「康父」、「吳廷康」、「吳康父」、「冰雪為心」。 ","","《歷代婦女著作考》P.303著錄，作《絳雪詩鈔》。此據丁芝宇先生精鈔本石印。","別集"
41,2189788,"HYC","5431/2326","7238565","同心梔子圖續編﹕一卷(清應瑩撰)","Tong xin zhi zi tu xu bian: 1 juan (by Ying Ying, Qing dynasty)","","","清光緒元年(1875)雲鶴仙館刻本。","","","雲鶴仙館","Yun he xian guan","1875",1875,1875,"清","Qing","光緒元年","Guangxu yuan nian","乙亥","Yihai","1","1","半葉九行二十二字，左右雙邊，白口，單魚尾。書口下刻「雲鶴仙館」。框高16.3厘米，寬11.4厘米。","","序等11頁。續編24頁。","與《徐烈婦詩鈔》同函。","前有應瑩致吳晉齋啟。咸豐元年（1851）應瑩序、同治十三年（1874）俞樾序。","末有咸豐元年徐雨民跋。","題「陳鳳巢　齋先生鑒定、永康應瑩菉園著」。","","","《歷代婦女著作考》未著錄。","別集"
76,2179244,"HYC","9110/8174.4(30-31)","7380984","德風亭初集﹕十三卷(清王貞儀撰)","De feng ting chu ji: 13 juan (by Wang Zhenyi, Qing dynasty)","","","民國五年(1916)蔣氏[國榜]愼脩書屋校印本。","","","蔣氏[國榜]愼脩書屋","Jiang shi [Guobang] Shen xiu shu wu","1916",1916,1916,"民國","Minguo","五年","Wu nian","丙辰","Bingchen","","","","","文9卷, 詩3卷, 詞1卷","金陵叢書.丁集;30-31","前有嘉慶二年王貞儀自序。","","","","","《歷代婦女著作考》第236頁著錄","別集"
77,2192931,"HYC","5496/1973(19-20)","7258680","長真閣集﹕七卷(清席佩蘭撰)","Chang zhen ge ji: 7 juan (by Xi Peilan, Qing dynasty)","","","光緖十七年(1891)强氏南皋草廬刻本。","","","强氏南皋草廬","Qiang shi Nan gao cao lu","1891",1891,1891,"清","Qing","光緖十七年","Guangxu shi qi nian","辛卯","Xinmao","2","7","","","","天真閣集:五四卷,外集六卷(孫原湘撰)附長真閣集:七卷.","前有隨園老人袁枚序﹐席佩蘭識。","","","","","","別集"
78,2178615,"HYC","9100/4281(2)","7164306","嫩想盦殘稿(清嚴蘅撰)","Nen xiang an can gao (by Yan Heng, Qing dynasty)","","","民國十一年(1921)上海聚珍倣宋印書局鉛印線裝倣宋本。","","","","","1921",1921,1921,"民國","Minguo","十一年","11 nian","辛酉","Xinyou","1","1","鉛印線裝倣宋本","","","娟鏡樓叢刻乙帙收錄。 ","前有1921年張祖廉序。","後有 陳元祿十五福堂筆記。","","册牌記:""上章涒歎之歲[1920]嘉善張氏[祖廉] ... 印""。 ","","","別集"
79,2179079,"HYC","9100/4281(2)","7164586","女世說(清嚴蘅撰)","Nü shi shuo (by Yan Heng, Qing dynasty)","","","1921年上海聚珍倣宋印書局印本。","上海","Shanghai","聚珍倣宋印書局","Ju zhen fang Song yin shu ju","1921",1921,1921,"民國","Minguo","1921","1921","辛酉","Xinyou","","","14 leaves ; 27 cm","","","娟鏡樓叢刻. 乙帙With: 十五福堂筆記 / 陳元祿","張祖廉 dated: 辛酉[1921]. ","","","牌記:""上章涒歎之歲[1920]嘉善張氏[祖廉]用聚珍倣宋版斠印"". ","","","別集"
80,2185697,"HYC","9110/1425(43)","7379189","孫夫人集﹕一卷(明楊文儷撰)","Sun fu ren ji: 1 juan (by Yang Wenli, Ming dynasty)","","","清光緒二十三年(1897)嘉惠堂丁氏刊本。","","","嘉惠堂丁氏","Jia hui tang Ding shi","1897",1897,1897,"清","Qing","光緒","Guangxu","丁酉","Dingyou","1","1","","","","武林往哲遺著前編43收錄。","","後有丁丙跋。","","","","","別集"
81,2179352,"HYC","5429/4473","7238449","海棠居詩集(清姚淑撰)","Hai tang ju shi ji (by Yao Shu, Qing dynasty)","","","民國十一年(1922)南林劉氏刻本","","","南林劉氏","Nanlin Liu shi","1922",1922,1922,"民國","Minguo","十一年","11 nian","壬戌","Renxu","1","1","","","","天問閣文集:四卷(李長祥著)附海棠居詩集；據國圖目錄，此本屬《求恕齋叢書》之一，刻本。","","","","","","","別集"
82,2179869,"HYC","9110/3173(21)","7369358","緯青遺稿﹕一卷(清張(糸冊)英)","Weiqing yi gao: 1 juan (by Zhang Guanying, Qing dynasty)","","","光緖十五年(1889)江隂金氏校刊本。","江隂","Jiangyin","江隂金氏","Jiangyin Jin shi","1889",1889,1889,"清","Qing","光緖十五年","Guangxu 15 nian","己丑","Jichou","1","1","","","","粟香室叢書;21","","","","","","","別集"
83,2189602,"HYC","5494/0804","7257245","長離閣集﹕一卷(清王釆薇撰)","Chang li ge ji: 1 juan (by Wang Caiwei, Qing dynasty)","","","清嘉慶二十三年(1818)刻本。","","","","","1818",1818,1818,"清","Qing","嘉慶二十三年","Jiaqing 23 nian","戊寅","Wuyin","1","1","","","詩七十首﹐詞一首。","芳茂山人詩錄:九卷(孫星衍撰)附長離閣集:一卷","前有曲阜孔廣森﹑閩縣葉觀國序﹐閩縣何森林弁言﹐三山張經邦﹑儀徵阮元題辭。","後有從子壻龔慶嘉慶戊寅(1818)識﹐武進王光燮所撰亡女小傳﹐孫星衍撰狀﹐錢塘袁枚撰墓誌銘。","","","","","別集"
43,1998817,"HYC","5514.9/1345","8014477","倚雲閣詩存﹕三卷﹐補遺﹕一卷﹐詩餘存﹕三卷(清張友書撰)","Yi yun ge shi cun: 3 juan, bu yi: 1 juan, shi yu cun: 3 juan (by Zhang Youshu, Qing dynasty)","","","清光緒十二年（1886）刻本。","","","","","1886",1886,1886,"清","Qing","光緒十二年","Guangxu 12 nian","丙戌","Bingxu","1","3+1+3","半葉九行二十一字，四周雙邊，黑口，雙魚尾。框高17.1厘米，寬12.1厘米。","","詩存為卷一工餘草、卷二越吟草、卷三海鷗吟草。墓誌銘、跋等8頁。詩存17頁。補遺5頁。詩餘存12頁。","","前有方濬頤撰「皇清旌表節孝例封孺人故拔貢生例封修職郎候選訓導陳公敬亭原配張太孺人墓誌銘」。","末有光緒元年方燕昭跋、光緒元年陳克劬跋。","","題「丹徒張友書靜宜著；小門人定遠方燕昭原刻；男克劬重校」。有扉頁，刻「倚雲閣詩詞存。光緒丙戌亥月重鐫板藏本宅」。","","《歷代婦女著作考》P.507著錄。","別集"
45,1999592,"HYC","5508/2440","8014472","楚畹閣集﹕十二卷(清季蘭韻撰)","Chu wan ge ji: 12 juan (by Ji Lanyun, Qing dynasty)","","","清道光二十七年（1847）刻本","","","","","1847",1847,1847,"清","Qing","道光二十七年","Daoguang 27 nian","丁未","Dingwei","6","12","半葉十行二十一字，左右雙邊，黑口，單魚尾。框高17.7厘米，寬13.8厘米。","","跋2頁。卷一13頁。卷二19頁。卷三16頁。卷四17頁。卷五19頁。卷六15頁。卷七16頁。卷八14頁。卷九14頁。卷十31頁。卷十一26頁。卷十二8頁。 ","","無序。","末有道光二十七年姚福增跋。","","題「常熟季蘭韻湘娟」。","","《歷代婦女著作考》P.390著錄。","別集"
46,1999598,"HYC","5508/4324","7299162","瑤華閣詩草﹕一卷﹐閩南雜咏﹕一卷﹐詞﹕一卷﹐詞補遺﹕一卷(清袁綬撰)","Yao hua ge shi cao: 1 juan, min nan za yong: 1 juan, ci: 1 juan, ci bu yi: 1 juan (by Yuan Shou, Qing dynasty)","","","清同治六年（1867）刻本。","","","","","1867",1867,1867,"清","Qing","同治六年","Tongzhin 6 nian","丁卯","Dingmao","4","1+1+1+1","半葉九行二十一字，四周雙邊，白口，單魚尾。框高18.3厘米，寬11.9厘米。","","","燕京館又有複本一部，四冊。","前有咸豐五年（1855）袁祖惠序、咸豐八年（1858）胡元博序、夏愷序、同治六年吳師祁序。","","有扉頁，刻「瑤華閣詩鈔。同治六年鐫」。雜詠、詞、詞補遺也有扉頁。","題「錢塘袁綬紫卿著」。","","《歷代婦女著作考》P.493著錄。","別集"
47,1999601,"HYC","5508/4841","8014474","茶香閣遺草﹕二卷(清黃婉璚撰)","Cha xiang ge yi cao: 2 juan (by Huang Wanqiong, Qing dynasty)","","","清道光十年（1830）刻本。","","","","","1830",1830,1830,"清","Qing","道光十年","Daoguang 10 nian","庚寅","Gengyin","1","2","半葉九行十九字，左右雙邊，上白口，下黑口，單魚尾。框高18.1厘米，寬11.8厘米。","","序、墓誌銘、題詞等16頁。卷一38頁。卷二28頁。卷二為詞。","","前有道光十年黃本驥序。","","","題「寧鄉黃婉璚葆儀」。黃本驥撰「葆儀行略」。鄧顯鶴撰「例贈孺人歐陽君繼配黃孺人墓誌銘」。又題詞。有扉頁，刻「茶香閣遺草。道光十年長至日。鐵簫譚光祜題」。","","《歷代婦女著作考》P.663著錄。","別集"
48,2180838,"HYC","5517/1629","8014478","冷紅軒詩集﹕二卷﹐附詞(清百保友蘭撰)","Leng hong xuan shi ji: 2 juan, fu ci (by Baibao Youlan, Qing dynasty)","","","清光緒元年(1875)刻本。","","","","","1875",1875,1875,"清","Qing","光緒元年","Guangxu yuan nian","乙亥","Yihai","2","2","半葉十行十九字，左右雙邊，黑口，單魚尾。框高16.2厘米，寬12.8厘米。","","序等3頁。卷一19頁。卷二19頁。詞3頁。","","前有同治十二年（1873）那遜蘭保序。","","","題「長白女史百保友蘭著」。有扉頁，刻「冷紅軒詩集二卷附詞一卷。光緒乙亥錫縝署」。","","《歷代婦女著作考》P.813著錄。","別集"
49,1998983,"HYC","5517/1629B","8014480","冷紅軒詩集﹕二卷﹐附詞(清百保友蘭撰)","Leng hong xuan shi ji: 2 juan, fu ci (by Baibao Youlan, Qing dynasty)","","","清光緒八年（1882）刻本。","","","","","1882",1882,1882,"清","Qing","光緒八年","Guangxu ba nian","壬午","Renwu","2","2+1","半葉十行十九字，左右雙邊，黑口，單魚尾。框高16厘米，寬12.2厘米。","","序等4頁。卷一19頁。卷二19頁。詞3頁。","燕京館又有複本一部，一冊。但扉頁和上本不同，刻「冷紅軒詩集二卷附詞一卷。光緒壬午冬十有二月葆真齋重刊」，字體也不一樣。 ","前有同治十二年（1873）那遜蘭保序。","末有光緒八年（1882）崇保跋。","","題「長白女史百保友蘭著」。有扉頁，刻「冷紅軒詩集二卷附詞十卷。光緒壬午冬十有二月葆真齋重刊」。","","《歷代婦女著作考》P.814著錄。","別集"
50,1999603,"HYC","5517/4384","8014481","月蕖軒詩草﹕一卷﹐詩餘﹕一卷(清袁鏡蓉撰)","Yue qu xuan shi cao: 1 juan, shi yu: 1 juan (by Yuan Jingrong, Qing dynasty)","","","清道光二十八年（1848）刻本。","","","","","1848",1848,1848,"清","Qing","道光二十八年","Daoguang 28 nian","戊申","Wushen","1","1+1","半葉八行十七字，左右雙邊，白口，單魚尾。框高18.7厘米，寬12.7厘米。","","序等13頁。詩草27頁。詩餘2頁。","","前有道光二十八年沈兆霖序、袁克家序、莊仲方序、道光二十八年羅本周序。","末有莊斅跋、蔡振武跋、道光二十八年俞承德跋。","","題「華亭袁鏡蓉著」。詩餘題「華亭袁鏡蓉填」。有扉頁，刻「月蕖軒詩草。道光戊申十月上澣張金鏞題」。","","《歷代婦女著作考》P.494著錄，但作「月蕖軒詩集」。","別集"
51,1998529,"HYC","5496/0224","8014299","長真閣集﹕七卷﹐詩餘﹕一卷(清席佩蘭撰)","Chang zhen ge ji: 7 juan, shi yu 1 juan (by Xi Peilan, Qing dynasty)","","","民國九年（1920）掃葉山房石印本。","","","掃葉山房","Sao ye shan fang","1920",1920,1920,"民國","Minguo","九年","9 nian","庚申","Gengshen","2","7+1","半葉十四行二十八字，四周雙邊，白口，單魚尾。書口下有「掃葉山房石印」。框高16厘米，寬10.9厘米。","","序2頁。卷一11頁。卷二11頁。卷三12頁。卷四11頁。卷五11頁。卷六13頁。卷七3頁。詩餘3頁。 ","","前有隨園老人袁枚序。","","","題「虞山席佩蘭道華氏學」。有扉頁，刻「長真閣詩集。席佩蘭女士著。掃葉山房校印」。","","《歷代婦女著作考》沒有著錄此本。","別集"
52,2000161,"HYC","5513/2321","8014476","絳珠閣繡餘草﹕一卷﹔詩餘﹕一卷(清吳秀珠撰)","Jiang zhu ge xiu yu cao: 1 juan; shi yu: 1 juan (by Wu Xiuzhu, Qing dynasty)","","","清道光八年（1828）刻本。","","","","","1828",1828,1828,"清","Qing","道光八年","Daoguang 8 nian","戊子","Wuzi","1","1+1","半葉十行二十一字，四周雙邊，白口，單魚尾。框高18.5厘米，寬13.2厘米。","","","","前有道光七年吳蘆仙序、道光七年吳箭南序。末有蔡玉山跋。","","","題「涇上吳秀珠蘊吉著；妹寶珠、麟珠校字」。又張鴻楠、董承祺等題詩。","","《歷代婦女著作考》P305著錄。","別集"
53,1998534,"HYC","5526/6434","8014486","紉蘭室詩鈔﹕三卷(清嚴永華撰)","Ren lan shi shi chao: 3 juan (by Yan Yonghua, Qing dynasty)","","","清光緒十七年（1891）刻本。","","","","","1891",1891,1891,"清","Qing","光緒十七年","Guangxu 17 nian","辛卯","Xinmao","1","3","半葉九行二十字，左右雙邊，黑口，單魚尾。框高18厘米，寬11.8 厘米。","","序14頁。卷一14頁。卷二12頁。卷三12頁。","","前有光緒十七年張之萬序、龔易圖序、嚴辰序、光緒十五年（1889）朱福詵序。","","","題「桐鄉嚴永華少藍」。有扉頁，刻「紉蘭室詩鈔。寶熙題」。","","《歷代婦女著作考》P.792著錄。","別集"
54,1998799,"HYC","5528/1133","8014488","韻香閣詩草﹕一卷(清孔祥淑撰)","Yun xiang ge shi cao: 1 juan (by Kong Xiangshu, Qing dynasty)","","","清光緖十二年(1886)刻本。","","","","","1886",1886,1886,"清","Qing","光緒十二年","Guangxu 12 nian","丙戌","Bingxu","1","1","半葉八行二十一字，四周雙邊，白口，單魚尾。框高14.8厘米，寬10.1 厘米。","","序等9頁。詩草29頁。","缺師竹軒詩","前有光緒十二年（1886）鄒振岳序、趙實序、劉印庚序。","末有光緒十二年劉樹堂識語。","","題「曲阜孔祥淑齊賢」。有扉頁，刻「韻香閣詩草一卷。光緒十二年秋九月開雕。」","","《歷代婦女著作考》P.219著錄，但非此本。","別集"
55,2000249,"HYC","5528/1133B","8092338","韻香閣詩草﹕一卷(清孔祥淑撰)","Yun xiang ge shi cao: 1 juan (by Kong Xiangshu, Qing dynasty)","","","清光緖十五年(1889)刻本。","杭州","Hangzhou","浙江官書局","Zhejiang guan shu ju","1889",1889,1889,"清","Qing","光緖十五年","Guangxu 15 nian","己丑","Jichou","1","1","半葉十一行十八字，左右雙邊，黑口，雙魚尾。框高19.2厘米，寬11.5 厘米。","","序等12頁。詩草14頁。","","前有光緒十二年（1886）鄒振岳序、趙實序、光緒十三年（1887）吳汝綸序、劉印庚序。","末有光緒十二年劉樹堂撰「孔夫人家傳」。","","題「曲阜孔祥淑齊賢」。有扉頁，刻「韻香閣詩集」。","","《歷代婦女著作考》P.219著錄。","別集"
68,2185825,"HYC","9118/1141(15)","7431787","寫韻軒小藁﹕二卷續增卷(清曹貞秀撰)","Xie yun xuan xiao gao: 2 juan, xu zeng juan (by Cao Zhenxiu, Qing dynasty)","","","清嘉慶二十年(1815)增刋本。","","","","","1815",1815,1815,"清","Qing","嘉慶二十年","Jiaqing 20 nian","乙亥","Yihai","1","3","","","","增刋本。淵雅堂全集收錄。","","","","","","","別集"
69,2185683,"HYC","9110/1425(58)","7379216","臥月軒稿﹕三卷(清顧若璞撰)","Wo yue xuan gao: 3 juan (by Gu Ruopu, Qing dynasty)","","","光緒嘉惠堂丁氏刻本。","","","嘉惠堂丁氏","Jia hui tang Ding shi","1875-1900",1875,1900,"清","Qing","光緒","Guangxu","","","1","3","","","","武林往哲遺著.前編;59 ","","","","","","","別集"
70,2179744,"HYC","9100/7143(33)","7164693","天游閣集﹕五卷﹐詩補﹕一卷(清顧太清撰)","Tian you ge ji: 5 juan, shi bu: 1 juan (by Gu Taiqing, Qing dynasty)","","","宣統二年(1910)順德鄧氏刊本。","順德","Shunde","順德鄧氏","Shunde Deng shi","1910",1910,1910,"清","Qing","宣統二年","Xuantong 2 nian","庚戌","Gengxu","1","1","","","","風雨樓叢書收錄。","","","","","","","別集"
71,2189609,"HYC","5496/0430B","7257303","古春軒詩鈔﹕二卷(清梁德繩撰)","Gu chun xuan shi chao: 2 juan (by Liang Desheng, Qing dynasty)","","","清道光二十九年(1849)刻本。","","","","","1849",1849,1849,"清","Qing","道光二十九年","Daoguang 29 nian","己酉","Jiyou","1","2","","","","鑑止水齋集:二〇卷(許宗彥撰)附古春軒詩鈔:二卷。據嘉慶24[1819]本重刊。","","","","","","","別集"
57,2000256,"HYC","5526/3434","8014485","翠螺閣詩詞稾﹕五卷﹐附舞鏡集﹕一卷(清凌祉媛撰)","Cui luo ge shi ci gao: 5 juan, fu wu jing ji: 1 juan (by Ling Zhiyuan, Qing dynasty)","","","清咸豐四年（1854）刻本。","","","","","1854",1854,1854,"清","Qing","咸豐四年","Xianfeng 4 nian","甲寅","Jiayin","4","4+1+1","半葉九行十八字，左右雙邊，白口，無魚尾。框高16.3厘米，寬10.5厘米。","","詩稿四卷分別為：停鍼倦繡集、南園萍寄集、珠潭玉照集、畫眉餘晷集。詩稿停鍼倦繡集11頁、南園萍寄集6頁、珠潭玉照集12頁、畫眉餘晷集11頁。詞稿8頁。舞鏡集11頁。 ","","前有莊仲方撰「傳」。咸豐四年于克襄序、高學沅序、咸豐四年魏謙升序、高炳麔序、咸豐四年朱智序、咸豐四年朱城序、咸豐五年（1855）吳藻序、咸豐四年關瑛序。高均儒等三十八人題詞。鮑靚等閨秀十一人題詞。舞鏡集前有高望曾序。 ","詞稿後有叔譽跋。有咸豐三年（1853）金繩武跋。","","題「錢唐凌祉媛茞沅」。有扉頁，刻「翠螺閣詩詞稿。海昌許楣題。咸豐四年甲寅閨七月延慶堂丁氏開雕」。舞鏡集扉頁，刻「舞鏡集。松□寮主屬。西堂題」以及凌德初題詞。","","《歷代婦女著作考》P.453著錄。","別集"
58,1998754,"HYC","5531/7422","8014335","黛韻樓遺集(清薛紹徽撰)","Dai yun lou shi wen ji (by Xue Shaohui, Qing dynasty)","","","甲寅閏月（1914）刻本。","","","","","1914",1914,1914,"民國","Minguo","三年","3 nian","甲寅","Jiayin","6","4+2+2","半葉十行二十二字，四周雙邊，白口，單魚尾。框高18.2厘米，寬12.6厘米。","","序、目錄等16頁。詩集卷一9頁。卷二22頁。卷三25頁。卷四16頁。詞集序、目錄8頁。卷上25頁。卷下27頁。文集卷上17頁。卷下27頁。年譜14頁。遺集序、目錄等16頁。卷上10頁。卷下28頁。小黛軒論詩詩序等4頁。卷上32頁。卷下41頁。 ","燕京館又有複本一部，六冊。GF:黛韻樓詩集扉頁陳寶琛書甲寅閏月鋟(1914).胡文楷所記錯誤.出版年代應為1914而非1911.","前有宣統三年（1911）陳壽彭序。陳壽彭撰「亡妻薛恭人傳略」。陳鏘、陳瑩、陳葒編「先妣薛恭人年譜」。詞集前有薛裕昆序。前有民國元年（1912）陳壽彭序。陳壽彭撰「長女芸傳略」。附錄呈文。又「陳孝女遺像」。","","","題「侯官陳薛紹徽秀玉」。陳孝女遺集題「道山女子陳芸淑宜」。有扉頁，刻「黛均樓遺集。附陳孝女遺集二種。嚴復」。詩集有扉頁，刻「黛韻樓詩集。甲寅閏月鋟。陳寶琛題」(1914)。又有「黛韻樓主人遺像」。詞集有扉頁，刻「黛韻樓詞集。林紓署」。文集有扉頁，刻「黛韻樓文集。陳衍」。","","《歷代婦女著作考》P.769著錄。陳孝女遺集及小黛軒論詩詩P.581著錄。","別集"
67,2179809,"HYC","5531/7422","8015405","陳孝女遺集﹕二卷﹔小黛軒論詩詩﹕二卷(清陳芸撰)","Chen xiao nü yi ji: 2 juan; Xiao dai xuan lun shi shi: 2 juan (by Chen Yun, Qing dynasty)","","","民國三年（1914）刻本","","","","","1914",1914,1914,"民國","Minguo","三年","3 nian","甲寅","Jiayin","2","2+2","","","","燕京館又有複本一部，六冊.GF:附黛蘊樓遺集後. 陳壽彭陳葒序均壬子(1912)年作. 唱和對象""班槎二姊""及""張宋表姊""未有人物資料，尚未創建人名。(2022)","陳孝女遺集有陳壽彭序﹐小黛軒論詩詩有陳芸﹑陳葒序。","","","陳孝女遺集扉頁，刻「陳孝女遺集。原名小黛軒詩集。于君彥敬題」。小黛軒論詩詩扉頁，刻「小黛軒論詩詩。傅嘉年署」。 ","","《歷代婦女著作考》P.769著錄。陳孝女遺集及小黛軒論詩詩P.581著錄。","別集"
59,1998765,"HYC","5532.9/4249","8015406","吟香室詩草﹕二卷﹐續刻﹕一卷﹐附刻﹕一卷(清楊蘊輝撰)","Yin xiang shi shi cao: 2 juan, xu ke: 1 juan, fu ke: 1 juan (by Yang Yunhui, Qing dynasty)","","","清光緒二十三年（1897）刻本。","","","","","1897",1897,1897,"清","Qing","光緒二十三年","Guangxu 23 nian","丁酉","Dingyou","2","2+1+1","半葉十一行二十二字，左右雙邊，黑口，雙魚尾。框高16.7厘米，寬12.2厘米。","","序等30頁。詩草卷上25頁。卷下26頁。續刻目錄及跋7頁。續刻11頁。附刻26頁。附刻為壽序八篇、誅辭二篇。","此書與《師竹軒詩集》合函。","前有光緒十八年（1892）謝章鋌序、光緒二十四年（1898）許振禕序、光緒二十四年廖廷相序、光緒二十四年潘衍桐序、光緒二十九年（1903）王縉序、光緒二十六年（1900）張百熙序。郭曾炘等二十二人題詞。 ","續刻末有光緒二十四年馮光遹跋、民國四年雷飛鵬跋。","","題「金匱楊蘊輝靜貞」。有扉頁，刻「吟香室詩草。光緒丁酉季秋月於南海縣署校刊黟縣黃士陵書首」。附刻第七頁末刻「粵東省西湖街留香齋承刊刷」。","","《歷代婦女著作考》P.678著錄。","別集"
72,2185767,"HYC","5510/1388(4)","7383610","梅花閣遺詩﹕一卷(清錢蘅生撰)","Mei hua ge yi  shi: 1 juan (by Qian Hengsheng, Qing dynasty)","","","清同治十年(1871)平湖張氏刻本。","平湖","Pinghu","平湖張氏","Pinghu Zhang shi","1871",1871,1871,"清","Qing","同治十年","Tongzhi 10 nian","辛未","Xinwei","1","1","","","","躬厚堂詩錄附 ","","","","","","","別集"
73,2192867,"HYC","5503/7125.2","7458721","五眞閣吟稿(清錢惠尊撰)","Wu zhen ge yin gao (by Qian Huizun, Qing dynasty)","","","清光緖四年(1878)合肥學社刊本。","","","合肥學社","Hefei xue she","1878",1878,1878,"清","Qing","光緖","Guangxu","戊寅","Wuyin","1","1","","","","崇百藥齋續集:四卷(陸繼輅撰)收錄。","","","","","","","別集"
74,2189771,"HYC","5500/1312","7292298","蓬室偶吟﹕一卷(清湯瑤卿撰)","Peng shi ou yin: 1 juan (by Tang Yaoqing, Qing dynasty)","","","清光緒十七年(1891)宛鄰書屋刻本 。","","","宛鄰書屋","Wan lin shu wu","1891",1891,1891,"清","Qing","光緒十七年","Guangxu 17 nian","辛卯","Xinmao","1","1","","","","宛鄰詩:2卷,文2卷(張琦撰)附蓬室偶吟:1卷","","","","","","","別集"
61,1998778,"HYC","5581/2916","8015289","小檀欒室彙刻閨秀詞﹕十集一百種一百卷(清徐乃昌輯)","Xiao tan luan shi hui ke gui xiu ci: 10 ji 100 zhong 100 juan (edited by Xu Naichang, Qing dynasty)","","","清光緒二十二年（1896）南陵徐氏刻本。","南陵","Nanlin","南陵徐氏","Nanlin Xu shi","1896",1896,1896,"清","Qing","光緒二十二年","Guangxu 22 nian","丙申","Bingshen","20","100","半葉十一行二十一字，左右雙邊，線黑口，雙魚尾。書口下刻「小檀欒室」。框高16.9厘米，寬12厘米。","","第一集：    琴清閣詞一卷，清楊芸撰。      題「梁溪楊芸蕊淵撰」。前有嘉慶十九年（1814）彭儷鴻序。17頁。    生香館詞一卷，清李佩金撰。      題「長洲李佩金紉蘭撰」。25頁。    茞香詞一卷，清顧翎撰。      題「二泉顧翎羽素撰」。14頁。    衍波詞一卷，清孫蓀意撰。      題「仁和孫蓀意秀芬撰」。前有嘉慶十二年（1807）許宗彥序。12頁。    鴻雪樓詞一卷，清沈善寶撰。      題「錢唐沈善寶湘佩撰」。15頁。    玉雨詞一卷，清曹慎儀撰。      題「新建曹慎儀叔蕙撰」。前有嘉慶二十一年（1816）汪全德序。18頁。    古春軒詞一卷，清梁德繩撰。      題「錢唐梁德繩楚生撰」。6頁。    洞簫樓詞一卷，清王倩撰。      題「山陰王倩梅卿撰」。12頁。    聽雪詞一卷，清歸懋儀撰。      題「琴川歸懋儀佩珊撰」。7頁。    古雪詩餘一卷，清楊繼端撰。      題「西川楊繼端古雪撰」。8頁。     第二集：    拙政園詩餘三卷，清徐燦撰。      題「茂苑徐燦湘蘋撰」。前有順治七年（1650）素庵居士序。26頁。    梅花園詩餘一卷，清鍾韞撰。      題「仁和鍾韞眉令撰」。3頁。    玉窗詩餘一卷，清葛宜撰。      題「東海葛宜南有撰」。3頁。    貯素樓詞一卷，清蘇穆撰。      題「淮陰蘇穆佩蘘撰」。24頁。    綠月樓詞一卷，清江瑛撰。      題「甘泉江瑛蕊珊撰」。15頁。    靜一齋詩餘一卷，清周詒蘩撰。      題「湘潭周詒蘩茹馨撰」。33頁。    冷香齋詩餘一卷，清周翼杶撰。      題「湘潭周翼杶德媗撰」。8頁。    夢湘樓詞一卷，清宗婉撰。      題「常熟宗婉婉生撰」。末有光緒二十四年（1898）翁之廉跋。15頁。    繡餘詞一卷，清錢念生撰。      題「常熟錢念生咀赮撰」。5頁。    簪花閣詩餘一卷，清翁端恩撰。      題「常熟翁端恩璇華撰」。11頁。     第三集：    棲香閣詞二卷，清顧貞立撰。      題「梁谿顧貞立文婉撰」。39頁。    蠹窗詩餘一卷，清張令儀撰。      題「龍瞑張令儀柔嘉撰」。21頁。    絳雪詞一卷，清薛瓊撰。      題「古吳薛瓊素儀撰」。4頁。    浣紗詞一卷，清沈纕撰。      題「長洲沈纕蕙孫撰」。7頁。    青藜閣詞一卷，清江珠撰。      題「甘泉江珠碧岑撰」。5頁。    碧桃館詞一卷，清趙我佩撰。      題「仁和趙我佩君蘭撰」。40頁。    松籟閣詩餘一卷，清沈榛撰。      題「嘉善沈榛伯虔撰」。10頁。    鮮潔亭詩餘一卷，清蔣紉蘭撰。      題「嘉善蔣紉蘭秋佩撰」。7頁。    澹音閣詞一卷，清趙友蘭撰。      題「錫山趙友蘭佩芸撰」。5頁。    寫麋樓詞一卷，清陳嘉撰。      題「仁和陳嘉子淑撰」。6頁。     第四集：    秋水軒詞一卷，清莊盤珠撰。      題「毘陵莊盤珠蓮佩撰」。25頁。    雨花盦詩餘一卷，清錢斐仲撰。      題「秀水錢斐仲餐霞撰」。11頁。    夢影樓詞一卷，清關　撰。      題「錢唐關　秋芙撰」。前有咸豐四年（1854）關　序。17頁。    澹菊軒詞一卷，清張　英撰。      題「陽湖張　英孟緹撰」。11頁。    緯青詞一卷，清張　英撰。      題「陽湖張　英緯青撰」。5頁。    和漱玉詞一卷，清許德蘋撰。      題「茂苑許德蘋香賓撰」。13頁。    澗南詞一卷，清許德蘋撰。      題「茂苑許德蘋香賓撰」。5頁。    濾月軒詩餘一卷，清趙芬撰。      題「上海趙芬儀姞撰」。15頁。    月樓琴語一卷，清蕭恒貞撰。      題「高安蕭恒貞月廔撰」。10頁。    倩影樓遺詞一卷，清陸蒨撰。      題「陽湖陸蒨芝僊撰」。11頁。    寫均樓詞一卷，清吳尚熹撰。      題「南海吳尚熹小荷撰」。24頁。     第五集：    花簾詞一卷，清吳藻撰。      題「仁和吳藻蘋香撰」。末有光緒三十年（1904）吳藻跋。44頁。    香南雪北詞一卷，清吳藻撰。      題「仁和吳藻蘋香撰」。35頁。    秋笳詞一卷，清呂采芝撰。      題「蘭陵呂采芝壽華撰」。9頁。    聞妙香室詞一卷，清陸珊撰。      題「元和陸珊佩琄撰」。7頁。    長真閣詩餘一卷，清席佩蘭撰。      題「虞山席佩蘭道華撰」。5頁。    秋瘦閣詞一卷，清唐韞貞撰。      題「武進唐韞貞佩蘅撰」。6頁。    綠夢軒遺詞一卷，清錢湘撰。      題「毘陵錢湘季蘋撰」。末有趙仁基跋。8頁。    賦燕樓詞一卷，清陳珍瑤撰。      題「湖州陳珍瑤月史撰」。4頁。    光霽樓詞一卷，清陸蓉佩撰。      題「蘭陵陸蓉佩□□撰」。14頁。    翠螺閣詞一卷，清凌祉媛撰。      題「錢唐凌祉媛茞沅撰」。6頁。    彈綠詞一卷，清濮文綺撰。      題「溧水濮文綺彈綠撰」。7頁。     第六集：    聽雨樓詞二卷，清孫雲鶴撰。      題「錢唐孫雲鶴蘭友撰」。前有嘉慶十九年（1814）孫雲鶴自序。30頁。    瑤華閣詞一卷補遺一卷，清袁綬撰。      題「錢唐袁綬紫卿撰」。詞24頁。補遺7頁。    九疑仙館詞一卷，清談印梅撰。      題「歸安談印梅緗卿撰」。11頁。    金粟詞一卷，清朱嶼撰。      題「海鹽朱嶼葆瑛撰」。5頁。    澹僊詞四卷，清熊璉撰。      題「如皋熊璉澹僊撰」。44頁。    有誠堂詩餘一卷，清方彥珍撰。      題「儀徵方彥珍靜雲撰」。5頁。    玉簫詞一卷，清殷秉璣撰。      題「常熟殷秉璣莖僊撰」。12頁。    芷衫詩餘一卷，清高佩華撰。      題「泰州高佩華素香撰」。7頁。    鞠篱詞一卷，清陶淑撰。      題「新城陶淑夢琴撰」。10頁。    哦月樓詩餘一卷，清儲慧撰。      題「滆西儲慧嘯凰撰」。5頁。     第七集：    嘯月菴詩餘一卷，清吳綃撰。      題「茂苑吳綃冰僊撰」。15頁。    繡閒詞一卷，清徐元端撰。      題「甘泉徐元端延香撰」。7頁。    三秀齋詞一卷，清鮑之芬撰。      題「丹徒鮑之芬藥繽撰」。8頁。    德風亭詞一卷，清王貞儀撰。      題「江寧王貞儀德卿撰」。11頁。    碧梧紅蕉館詞一卷，清左錫璇撰。      題「陽湖左錫璇芙江撰」。13頁。    冷吟仙館詩餘一卷，清左錫嘉撰。      題「陽湖左錫嘉冰如撰」。19頁。    蓮因室詞一卷，清鄭蘭孫撰。      題「錢唐鄭蘭孫娛清撰」。12頁。    慈暉館詞一卷，清阮恩灤撰。      題「儀徵阮恩灤媚川撰」。6頁。    曇華詞一卷，清汪淑娟撰。      題「錢唐汪淑娟玉卿撰」。7頁。    蕉窗詞一卷，清鄧瑜撰。      題「金匱鄧瑜慧玨撰」。16頁。      第八集：    錦囊詩餘一卷，清商景蘭撰。      題「會稽商景蘭眉生撰」。12頁。    澹香樓詞一卷，清葛秀英撰。      題「吳門葛秀英玉貞撰」。6頁。    補欄詞一卷，清劉琬懷撰。      題「陽湖劉琬懷韞如撰」。23頁。    晚香居詞二卷，清張玉珍撰。      題「華亭張玉珍藍生撰」。32頁。    瘦吟詞一卷，清許淑慧撰。      題「青浦許淑慧定生撰」。6頁。    浣青詩餘一卷，清錢孟鈿撰。      題「清毘陵錢孟鈿冠之撰」。7頁。    茶香閣詞一卷，清黃婉璚撰。      題「寧鄉黃婉璚葆儀撰」。8頁。    雯窗瘦影詞一卷，清許誦珠撰。      題「海昌許誦珠寶娟撰」。8頁。    佩秋閣詞一卷，清吳茞撰。      題「吳縣吳茞珮纕撰」。7頁。    慧福樓詞一卷，清俞繡孫撰。      題「德清俞繡孫　裳撰」。5頁。     第九集：    鏡閣新聲一卷，清朱中湄撰。      題「吉水朱中湄遠山撰」。7頁。    古香樓詞一卷，清錢鳳綸撰。      題「仁和錢鳳綸雲儀撰」。7頁。    梨雲榭詞一卷，清鍾筠撰。      題「仁和鍾筠蕡若撰」。5頁。    湘雲館詞二卷，清孫雲鳳撰。      題「仁和孫雲鳳碧梧撰」。22頁。    韞玉樓詞一卷，清屈秉筠撰。      題「常熟屈秉筠宛仙撰」。4頁。    楚畹閣詩餘一卷，清季蘭韻撰。      題「常熟季蘭韻湘娟撰」。7頁。    壽研山房詞一卷，清曹景芝撰。      題「吳縣曹景芝宜仙撰」。11頁。    含青閣詩餘一卷，清屈蕙纕撰。      題「臨梅屈蕙纕逸珊撰」。10頁。    繡墨軒詞一卷，清俞慶曾撰。      題「德清俞慶曾吉初撰」。16頁。    飲露詞一卷，清李道清撰。      題「合肥李道清味蘭撰」。4頁。     第十集：    鸝吹詞一卷，清沈宜修撰。      題「吳江沈宜修宛君撰」。42頁。    芳雪軒詞一卷，明葉紈紈撰。      題「吳江葉紈紈昭齊撰」。11頁。    疏香閣詞一卷，明葉小鸞撰。      題「吳江葉小鸞瓊章撰」。21頁。    雪壓軒詞一卷，清賀雙卿撰。      題「丹陽賀雙卿清秋碧撰」。5頁。    倚雲閣詞一卷，清張友書撰。      題「丹徒張友書靜宜撰」。9頁。    翠薇仙館一卷，清孫瑩培撰。      題「錢唐孫瑩培□□撰」。4頁。    唾絨詞一卷，清吳小姑撰。      題「瓊山吳小姑□□撰」。4頁。    霞珍詞一卷，清繆珠蓀撰。      題「江陰繆珠蓀稚青撰」。7頁。    崦樓詞一卷，清沈鵲應撰。      題「侯官沈鵲應孟雅撰」。10頁。    花影吹笙室詞一卷，清李慎溶撰。      題「閩縣李慎溶樨清撰」。6頁。 ","乙未為光緒二十一年，丙申為光緒二十二年。","前有光緒三十一年（1905）金武祥序、光緒三十年（1904）王鵬運序、光緒三十一年況周儀序。王以敏題詞。","","每集之前，皆有扉頁及徐乃昌纂錄「詞人姓氏」。有扉頁，刻「小檀欒室彙刻閨秀詞。積餘屬孝胥題」。牌記刻「南陵徐乃昌校梓始於乙未訖於丙申」。","","","《歷代婦女著作考》P.867著錄。","合刻"
63,2000730,"HYC","5581/2916","8015289","閨秀詞鈔﹕十六卷(清徐乃昌輯)","Gui xiu ci chao: 16 juan (edited by Xu Naichang, Qing dynasty)","","","清宣統元年（1909）小檀欒室刻本。","","","小檀欒室","Xiao tan luan shi","1909",1909,1909,"清","Qing","宣統元年","Xuantong yuan nian","己酉","Jiyou","8","16","半葉十一行二十一字，左右雙邊，黑口，雙魚尾。書口下刻「小檀欒室」。框高16厘米，寬11.1厘米。","","例言、目錄等19頁。卷一27頁。卷二28頁。卷三28頁。卷四28頁。卷五28頁。卷六28頁。卷七27頁。卷八27頁。卷九27頁。卷十28頁。卷十一27頁。卷十二27頁。卷十三26頁。卷十四26頁。卷十五27頁。卷十六27頁。 ","","","","題「南陵徐乃昌撰錄」。有扉頁，刻「閨秀詞鈔十六卷。宣統辛亥二月銅梁王瓘題」。牌記刻「宣統元年己酉花朝日小檀欒室開雕」。鈐印有「之廎」。","","前有宣統元年徐乃昌撰例言九則。","《歷代婦女著作考》P.924著錄。","總集"
66,2001623,"HYC","T5481/7624","8030102","聽秋軒詩集﹕三卷(清駱綺蘭撰)","Ting qiu xuan shi ji: 3 juan (by Luo Qilan, Qing dynasty)","","","清乾隆六十年（1795）金陵龔氏刻本。","金陵","Jinlin","龔氏","Gong shi","1795",1795,1795,"清","Qing","乾隆六十年","Qianlong 60 nian","乙卯","Yimao","1","3","半葉九行二十一字，左右雙邊，白口，單魚尾。框高18.2厘米，寬11.6厘米。","","卷一七十六首、卷二六十五首、卷三七十七首序12頁。卷一13頁。卷二13頁。卷三16頁。","","前有乾隆六十年袁枚序、乾隆六十年王文治序、曾燠序。","","","題「句曲女史駱綺蘭佩香」。有扉頁，刻「聽秋軒詩集。金陵龔氏藏板」。","","《歷代婦女著作考》P.761著錄，為六卷本，非此三卷本。清史稿又作四卷本。","別集"
75,2189661,"HYC","5506/2446c","7297669","茗韻軒遺詩﹕一卷(清王甥植撰)","Ming yun xuan yi shi: 1 juan (by Wang Shengzhi, Qing dynasty)","","","清同治四年(1865)紫琅寓館刻本。","","","紫琅寓館","Zi lang yu guan","1865",1865,1865,"清","Qing","同治四年","Tongzhi","乙丑","Yichou","1","1","","","","丹魁堂詩集:7卷,外集:4卷,年譜:1卷(季芝昌撰)附茗韻軒遺詩:1卷.","","","","","","","別集"
84,2189782,"HYC","T 5475 4132","8038896","芸書閣賸稿(清金至元撰)","Yun shu ge sheng gao (by Jin Zhiyuan, Qing dynasty)","","","清乾隆八年(1743) 精刊本。","","","","","1743",1743,1743,"清","Qing","乾隆八年","Qianlong","癸亥","Guihai","1","1","十行二一字","","","蔗塘未定稿八卷;押簾詞一卷;蔗塘外集八卷(查為仁撰)vol.5附芸書閣賸稿。 外集有配抄部份。","","","","","","販書偶記著錄蔗塘未定稿。","別集"
85,2189779,"HYC","T 5470/5614","8024825","梯仙閣餘課﹕一卷(清陸鳳池撰)","Ti xian ge yu ke: 1 juan (by Lu Fengchi, Qing dynasty)","","","清乾隆十三年(1748)曹氏家刊本","","","","","1748",1748,1748,"清","Qing","","","","","1","1","","","","四焉齋全集(曹一士撰;曹錫黼編)附梯仙閣餘課一卷。據《清代閨秀集叢刊》此為清乾隆十三年(1748)曹錫黼刻本。","","","","","","","別集"
86,2185881,"HYC","T 5487/2335 (5)","8088130","畹香詩鈔(清張淑撰)","Wan xiang shi chao (by Zhang Shu, Qing dynasty)","","","清嘉慶十三年(1808)潛江熊氏刻本。","潛江","Qianjiang","潛江熊氏","Qianjiang Xiong shi","1808",1808,1808,"清","Qing","嘉慶十三年","Jiaqing 13 nian","戊辰","Wuchen","1","1","","","","十行二一字。附於熊寶泰撰藕頤類稿第五册。  ","","","","","","","別集"
87,2186290,"HYC","T 5237.07/8206","8102993","名媛彙詩﹕二十卷(明鄭文昂編)","Ming yuan hui shi: 20 juan (by Zheng Wenang, Ming dynasty)","","","張正岳明泰昌元年(1620)刻本。","","","張正岳","Zhang Zhengyue","1620",1620,1620,"明泰昌元年","Ming","泰昌元年","Taichang Yuannian","庚申","Gengshen","10","10","九行, 十八字. 四周單邊, 白口, 單魚尾, 框高 20.8 x 13.6。","","","亦名古今名媛彙詩,所選自古至明。","","","","","","中國古籍善本書目, 國立中央圖書館善本書目著錄。","總集"
88,2186288,"HYC","T 5237.07/8191","8099163","名媛詩歸﹕三十六卷(鍾惺點次)","Ming yuan shi gui: 36 juan (edited by Zhong Xing, Ming dynasty)","","","明末(1621-1644)刻本","","","","","1621-1644",1621,1644,"明","Ming","崇祯","Chongzhen","","","18","36","九行十九字, 左右雙邊, 白口, 單魚尾, 書口下刋「周明徵書」, 框高 20.5 x 13.2cm","","","","前有鍾惺序。","","","","","中國古籍善本書目, 國立中央圖書館善本書目, 國會圖書館藏中國善本書錄, 內閣文庫漢籍分類目錄著錄。《歷代婦女著作考》882頁有著錄。","總集"
89,2186487,"HYC","5487/2321","7777983","虛窻雅課﹕二集(清佟佳氏撰)","Xu chuang ya ke : 2 ji (by Tongjia shi, Qing dynasty)","","","清嘉慶十年(1805)刻本","","","","","1805",1805,1805,"清","Qing","嘉慶十年","Jiaqing 10 nian ","乙丑","Yichou","2","","","","","《清代閨秀集叢刊》第十一冊收有同一版本，錄為清嘉慶十年(1805)刻本","","","","","","","別集"
90,2179753,"HYC","5517/3843","7311294","天游閣詩集﹕二卷(清顧太清撰)","Tian you ge shi ji: 2 juan (by Gu Taiqing, Qing dynasty)","","","清宣統元年(1909)刻本。","南陵","Nanling","徐乃昌","Xu Naichang","1909",1909,1909,"清","Qing","宣統元年","Xuantong yuan nian","己酉","ji you","1","2","","","","","","","","","","南陵徐乃昌假臨桂況氏所藏原稿校刻","別集"
91,2179157,"HYC","5640.9/3856","7619779","東海漁歌:四卷, 補遺:一卷(清顧春撰)","Dong hai yu ge : 4 juan, bu yi 1 juan (by Gu Chun, Qing dynasty)","","","西泠印社甲寅(1914) 年排印本","杭州","Hangzhou","杭州西泠印社","Hangzhou Xiling Yin She","1914",1914,1914,"民國","Minguo","三年","3 nian","甲寅","Jia yin","2","4+1","","","","《歷代婦女著作考》中雖稱此本為1913年(癸丑)况周頤委托西泠印社排印，但况氏跋文及吳昌碩篆書題贉均題屬甲寅年，故以甲寅年為出版年代。鄭煒明，陳玉瑩編《况周颐年譜》(2015)推算此本應在甲寅(1914）年六、七月間刊成(頁337）。","","","","","","《歷代婦女著作考》第801頁著錄","別集"
92,2185867,"HYC","5490/2134","7246692","清娛閣吟稾﹕六卷(清鮑之蕙撰)","Qing yu ge yin gao : 6 juan (by Bao Zhihui, Qing dynasty)","","","嘉慶16年 [1811]刻本","","","","","1811",1811,1811,"清","Qing","嘉慶16年","Jiaqing 16 nian","辛未","Xinwei","2","6","","","","","","","","","","","別集"
94,2179774,"HYC","5531/8643","7714179","古歡室詩集：三卷﹐詞集﹕一卷(清曾懿撰)","Gu huan shi shi ji: 3 juan, ci ji:1 juan (by Zeng Yi, Qing dynasty)","","","清光緖三十三年(1907)刻本。","","","","","1907",1907,1907,"清","Qing","光緒三十三年","Guangxu 33 nian","丁未","Dingwei","2","","","","","與WorkID117 應為同一版本。此集僅有詩詞部份兩冊，117的六冊包含醫學篇二卷,女學篇一卷,中饋錄一卷。","","","","","","《 歷代婦女著作考》頁637-38","別集"
95,2181136,"HYC","5235.8/4591","6944110","京江鮑氏三女史詩鈔合刻(清戴燮元輯)","Jingjiang Bao shi san nü shi shi  chao he ke (edited by Dai Xieyuan, Qing dynasty)","","","清光緖八年(1882) 刻本。","丹徒","Dantu","丹徒戴氏","Dantu Dai shi","1882",1882,1882,"清","Qing","光緖八年","Guangxu 8 nian","壬午","Renwu","2","4+6+2","","","Bao Zhilan鮑之蘭. Qi yun ge shi chao : 4 juan 起雲閣詩鈔 : 四卷. In Dai Xieyuan  戴燮元, comp., Jingjiang Bao shi san nü shi shi  chao he ke  京江鮑氏三女史詩鈔合刻 ( Dantu Dai shi 丹徒戴氏, 1882), vols.1-2. Bao Zhihui 鮑之蕙. Qing yu ge shi chao : 6 juan 清娛閣詩鈔 : 六卷. In Dai  Xieyuan 戴燮元, comp., Jingjiang Bao shi  san nü shi shi  chao he ke 京江鮑氏三女史詩鈔合刻 (Dantu Dai shi 丹徒戴氏, 1882 edition), vols. 3-4. Bao Zhifen 鮑之芬. San xiu zhai shi  chao: 2  juan 三秀齋詩鈔 : 二卷.  In Dai Xieyuan  戴燮元, comp., Jingjiang Bao shi san nü shi shi  chao he ke  京江鮑氏三女史詩鈔合刻 ( Dantu Dai shi 丹徒戴氏: 1882), vol. 5. ","","","","","","","","合刻"
96,2179269,"HYC","5727/7902","7637505","(繪圖龍鳳配)再生緣﹕八卷﹐七十四回(清陳端生撰,梁德繩續)","(Hui tu long feng pei) Zai sheng yuan: 8 juan, 74 hui (by Chen Duansheng, Liang Desheng, Qing dynasty)","","","民國初刻本。","上海","Shanghai","廣益書局","Guangyi shuju","1911-1930",1911,1930,"民國","Minguo","","","","","8","","","","","","","","","","","","彈詞"
97,2185773,"HYC","5521/7944","7340834","信芳閣詩草﹕五卷(清陳蘊蓮撰)","Xin fang ge shi cao: 5 juan (by Chen Yunlian, Qing dynasty)","","","清咸豐九年(1859)刻本。","","","","","1859",1859,1859,"清","Qing","咸豐九年","Xianfeng 9 nian","己未","Jiwei","4","","","","","","","","","","","","別集"
98,2186436,"HYC","TK 5568.32/0441a","7987766","蘭雪軒詩(Nansŏrhŏn si) (朝鮮許蘭雪撰)","Lan xue xuan shi (Nansŏrhŏn si) (by Xu Lanxue, Korea)","","","朝鮮(1608?)刻本。","朝鮮","Korean","朝鮮許筠彙粹","Korean Xu Yun hui cui","1608?",1608,1608,"明","Ming","萬歷三十六年","Wanli 36 nian","戊申","Wushen","","","","","","At end: Mallyŏk kiwŏn chi samsimnyuk chaemaeng hasang wanje Hŏ Kyun Tanpʻo Sŏganpʻan Sŏdang.    At end: 萬曆紀元之三十六載孟夏上浣弟許筠端[pʻo]書干版書堂.   ","","","","","","","別集"
99,2000255,"HYC","5531/0257","7343758","靜香閣詩存(清黎春熙撰)","Jing xiang ge shi cun (by Li Chunxi, Qing dynasty)","","","清光緒二十四年(1898)刻本。","順德","Shunde","順德龍氏","Shunde Long shi","1898",1898,1898,"清","Qing","光緒二十四年","Guangxu 24 nian","戊戌","Wuxu","","","","","","Series: Luo shu shan fang cong shu 螺樹山房叢書","","","","","","","別集"
100,2185679,"HYC","5510/4463","7303017","澹香閣詩鈔:一卷外四種(清李星池等撰)","Dan xiang ge shi chao: 1 juan wai 4 zhong (by Li Xingchi etc., Qing dynasty)","","","清光緖四年(1878)刻本。","","Changsha, Hunan?","","","1878",1878,1878,"清","Qing","光緖四年","Guangxu 4 nian","戊寅","Wuyin","1","1","","","","紅蕖吟館詩鈔 : 1卷 / 楊書蘭撰 -- 幽篁吟館詩鈔 : 1卷 / 楊書蕙撰 -- 小紅蕖館坿刻 : 1卷 / 周傳鏡撰 -- 小幽篁館坿刻 : 1卷 / 劉德儀撰.","","","","","","","合刻"
105,2180368,"HYC","9100/4110 [35]","9151201","福祿鴛鴦閣遺稿﹕一卷(清冒俊撰)","Fu lu yuan yang ge yi gao: 1 juan (by Mao Jun, Qing dynasty)","","","淸光緖十年(1884)刻本。","錢塘","Qiantang","錢塘陳氏","Qiantang Chen shi","1884",1884,1884,"淸","Qing","光緖十年","Guangxu 10 nian","甲申","Jiashen","1","","","","","In Ru bu ji zhai hui chao er ji (如不及齋彙鈔二集), vol. 35. 光緖十年陳銓跋述及刻書事. ","","","","","","","別集"
106,2180353,"HYC","9100/4110 [25-34]","9151197","林下雅音集﹕五種(淸冒俊輯)","Lin xia ya yin ji: 5 zhong (edited by Mao Jun, Qing dynasty)","","","淸光緖十年(1884)刻本。","錢塘","Qiantang","錢塘陳氏","Qiantang Chen shi","1884",1884,1884,"淸","Qing","光緖十年","Guangxu 10 nian","甲申","Jiashen","10","","","","Wang Caiwei 王采薇. Chang li ge ji: 1 juan 長離閣集: 一卷.  Wang Duan 汪端. Zi ran hao xue zhai shi chao: 10 juan 自然好學齋詩鈔: 十卷.  Wu Zao 吳藻. Hua lian ci: 1 juan 花簾詞: 一卷. Wu Zao 吳藻. Xian nan xue bei ci: 1 juan 香南雪北詞: 一卷. Zhuang Panzhu 莊盤珠. Qiu shui xuan shi ci ji  秋水軒詩詞集: 一卷.","In Ru bu ji zhai hui chao er ji 如不及齋彙鈔二集 , vols. 25-35","","","","","","","合刻"
107,2185686,"HYC","5526/7163","7343248","慈暉館詩詞草(清阮恩灤撰)","Ci hui guan shi ci cao (by Ruan Enluan, Qing dynasty)","","","清光緖元年(1875)據咸豐四年(1854)武林沈氏刋本補刋","","","","","1875",1875,1875,"清","Qing","光緖元年","Guangxu yuan nian","乙亥","Yihai","2","","","","","based on Wulin Shen shi 1854 edition","","","","","","","別集"
108,2178584,"HYC","5493/3122","7254798","春雨樓稾(清沈彩撰)","Chun yu lou gao (by Shen Cai, Qing dynasty)","","","民國十三年(1924)影印手稿本","上海","Shanghai","蟫隱廬","Tan yin lu","1924",1924,1924,"民國","Minguo","十三年","13 nian","甲子","Jiazi","1","1","","","","","","","","","","","別集"
109,2179876,"HYC","5521/1923","7340703","叢筆軒遺藁﹕三卷(清孫采芙撰)","Cong bi xuan yi gao: 3 juan (by Sun Caifu, Qing dynasty)","","","清光緖丁亥(1887)世澤樓木活字印本。","","","世澤樓","Shi ze lou","1887",1887,1887,"清","Qing","光緖十三年","Guangxu 13 nian","丁亥","Dinghai","1","","框18.8 x 12.6 cm., 11行21字, 黑口, 單黑魚尾, 四周雙邊, 版心中鐫書名, 卷次, 葉次, 版心下偶刻","","","附錄一卷.內封面後鐫""光緖丁亥年秋月世澤樓重校."" ","","","","","","","別集"
110,2180291,"HYC","5521/1924","7340803","吟翠樓詩稿﹕一卷﹐附刻﹕一卷(清孫佩蘭撰)","Yin cui lou shi gao: 1 juan, fu ke: 1 juan (by Sun Peilan, Qing dynasty)","","","光緖十四年(1888)刻本。","","","","","1888",1888,1888,"清","Qing","光緖十四年","Guangxu 14 nian","戊子","Wuzi","2","2","","","","","","","","","","","別集"
111,2185802,"HYC","5508/1324","7303070","澹蘜軒詩初稿﹕四卷﹐詞﹕一卷(清張䌌英撰)","Dan ju xuan shi chu gao : 4 juan, ci : 1 juan (by Zhang Qieying, Qing dynasty)","","","道光二十年(1840)刻本。","","","宛鄰書屋","Wan lin shu wu","1840",1840,1840,"清","QIng","道光二十年","Daoguang 20 nian","庚子","Gengzi","1","4+1","","","","","","","","","","","別集"
112,2179847,"HYC","5526/4184","9105175","冷吟仙舘詩稿﹕八卷﹐詩餘一卷﹐文存一卷(淸左錫嘉撰)","Leng yin xian guan shi gao: 8 juan, shi yu 1 juan,  wen cun 1 juan (by Zuo Xijia, Qing dynasty)","","","淸光緖辛卯(1891)刻本。","定襄","Dingxiang","定襄官署","Dingxiang Guangshu","1891",1891,1891,"淸","Qing","光緖十七年","Guangxu 17 nian","辛卯","Xinmao","7","8+1+1","","","","In Zeng Yong 曾詠,  Zuo Xijia, 左錫嘉. Zeng tai pu Zuo fu ren shi gao he ke:  8 juan, shi yu 1  juan, wen cun 1  juan 曾太僕左夫人詩稿合刻 : 八卷, 詩餘一卷, 文存一卷 附: 吟雲仙舘詩稿: 一卷/ 曾詠撰.   牌記: 光緖辛卯秋八月定襄官署開雕.   ","","","","","","","別集"
113,2186470,"HYC","5773/2472","7685362","名媛尺牘(清靜寄東軒輯)","Ming yuan chi du (by Jingji Dongxuan, Qing dynasty)","","","清雍正乾隆(1722-1795)刻本","","","前澗浦氏","Qianjian Pu shi","1722-1795",1722,1795,"清","Qing","雍正乾隆","雍正乾隆","","","2","","","","","扉頁註""前澗浦氏藏版""。清浦起龍(1679-1762，江蘇無錫前澗村人, 雍正八年進士)所著《古文眉詮》乾隆九年(1744)刻本封面題""靜寄東軒藏本""； 其《讀杜心解》亦有雍正十年(1732)靜寄東軒刻本。由此推測，編纂者""靜寄東軒""與浦起龍有關聯，而集中所收女作者以清初林以寧為止，此選集應為清初所編，約在清中期付梓。","","","","","","","總集"
118,2189599,"HYC","5531/8643.1","7352768","古歡室集:詩三卷,詞一卷,醫學篇二卷,女學篇一卷,中饋錄一卷(清曽懿撰)","Gu huan shi ji: shi 3 juan, ci 1 juan, yi xue pian: 2 juan, nü xue pian 1 juan, zhong kui lu 1 juan (by Zeng Yi, Qing dynasty)","","","清光緖三十三年(1907)刻本。","","","","","1907",1907,1907,"清","Qing","光緖三十三年","Guangxu 33 nian","丁未","Dingwei","2","3+1","","","詩:3卷--詞:1卷--醫學篇:2卷--女學篇:1卷--中饋錄:1卷.","","","","","","","","別集"
120,2226997,"HYC","FC5580","008627940","名媛詩緯初編(清王端淑輯)","Ming yuan shi wei chu bian (Edited by Wang Duanshu, Qing dynasty)","","","清康熙六年(1667)清音堂刻本","","","清音堂","Qing yin tang","",1667,1667,"清","Qing","康熙六年","Kangxi 6 nian","甲辰","Jiachen","12","","","","","","","","","","","","總集"
121,3615083,"PRIV","","0","紫藤蘿吟館遺集﹕一卷(清章婉儀撰)","Zi teng luo yin guan yi ji: 1 juan (by Zhang Wanyi, Qing dynasty)","","","清光緒二十一年(1895)刻本","","","","","1895",1895,1895,"清","Qing","光緒二十一年","Guangxu","乙未","Yiwei","1","1","","","","","","","","","","","別集"
122,3615394,"PU","","","願香室筆記(清王佩華撰)","Yuan xiang shi bi ji (by Wang Peihua, Qing dynasty)","","","民國十年(1921)辛酉重刊本","","","","","1921",1921,1921,"民國","Min guo","十年","10 nian ","辛酉","Xinyou","","","","","","扉頁:民國辛酉秋重鎸 版藏太倉圖書館","汪學金(1748-1804)序(1793); 葉爾愷(1864-1940)序(1916)","","","","","","別集"
123,0,"PU","","0","女學言行纂﹕三卷(清李晚芳撰)","Nü xue yan xing zhuan: 3 juan (by Li Wanfang, Qing dynasty)","","","乾隆五十二年丁未(1787)謐園藏版","廣東順德","Guangdong Shunde","謐園","Mi yuan","1787",1787,1787,"清","Qing","乾隆五十二年","Qianlong 52 nian","丁未","Dingwei","2","3","","","","","陸溶，梁景璋，蘇獻琛，李履中，伍鼎臣序，自序及梁煒序。","","","","","","別集"
124,3615342,"PU","","0","職思齋學文稿﹕一卷(清徐葉昭撰)","Zhi si zhai xue wen gao: 1 juan (by Xu Yezhao, Qing dynasty)","","","清乾隆甲寅年(1794)年刻本","","","","","1794",1794,1794,"清","Qing","乾隆五十九年","Qianlong 59 nian ","甲寅","jia yin","2","2","","","","第二冊為其弟徐爾駿飬天的《清渠遺稿》。","徐葉昭自序","","","","","","別集"
125,3615378,"PU","","0","雅安書屋文集﹕二卷(清汪嫈撰)","Ya an shu wu wen ji: 2 juan (by Wang Ying , Qing dynasty)","","","道光甲辰(1844)刊本","","","","","1844",1844,1844,"清","Qing","道光二十四年","Daoguang 24 nian","甲辰","Jiachen","4","","","","","汪葆輯，有“正雅堂雲煙過眼圖書之章”印 ","王翼鳳，江月娥，吳椿","夏玉珍","","謝長齡、談素勳、程德煊、張銓、談怡會、朱憲會、駱石雲、谷汝霖、汪和等數十人作輓詞，另有熊方受、顧蒓、鍾昌、黃爵滋、賀雲舉、伍家榕等數十人為《秋燈課子圖》題詠。","","","別集"
126,3615410,"PU","","0","道安室雜文﹕一卷﹐蕭閒堂遺詩﹕一卷﹐戴花平安室詞﹕一卷﹐平安室雜記﹕ 一卷(清蕭道管撰)","Dao an shi za wen: 1 juan, Xiao xian tang yi shi: 1 juan, Dai hua ping an shi ci: 1 juan, Ping an shi za ji: 1 juan (by Xiao Daoguan, Qing dynasty)","","","石遺室叢書光緒三十四年(1908)刊本","","","","","1908",1908,1908,"清","Qing","光緒三十四年","Guanxu 34 nian","戊申","Wushen","1","5","","","","","","","","","","","別集"
127,3615421,"PU","X/910.04/4064","","讀史管見﹕三卷(清李晚芳撰)","Du shi guan jian: 3 juan (by Li Wanfang, Qing dynasty)","","","日本安政三年（1856）浪華書林群玉堂翻刻本","日本","Riben","浪華書林群玉堂","Lang hua shu lin qun yu tang","1856",1856,1856,"","","日本安政三年","Riben Anzheng san nian","丙辰","Bingchen","6","3","","","","1856年日本翻刻本","","","","","","","別集"
128,3615428,"HYC","","0","閨秀正始再續集(民國單士釐輯)","Gui xiu zheng shi zai xu ji","","","民國元年(1911)活字印本","浙江歸安","Zhejiang Guian","歸安錢氏","Guian Qian shi","1911",1911,1911,"民國","Minguo","元年","Yuan nian","辛亥","Xinhai","6","4","","","","","","","","","","","總集"
129,3615433,"HYC","","0","宮閨文選：二十六卷，姓氏小錄 : 一卷（清周壽昌輯訂）","Gong gui wen xuan: 26 juan, Xing shi xiao lu: 1 juan (edited by Zhou Shouchang)","","","道光二十六年（1846）開雕","","","小蓬萊山館","Xiaopenglaishanguan","1846",1846,1846,"清","Qing","道光二十六年","Daoguang 26 nian","丙午","Bingwu","10","27","","","","","","","","","","","總集"
130,0,"PRIV","","0","清吟齋遺詩(清莊其坤撰)","Qing yin zhai yi shi (by Zhuang Qikun, Qing dynasty)","","","清光緒二十四年(1898)壽愷堂藏板","","","壽愷堂","Shoukaitang","1898",1898,1898,"清","Qing","光緒24年","Guangxu 24 nian","戊戌","Wuxu","1","","","","","","王文韶","","","","","《歷代婦女著作考》553-54頁","別集"
131,3615455,"PRIV","","0","桐華閣詩集:詩草三卷,詩餘一卷(清慶鳳暉撰)","Tong hua ge shi ji: shi cao 1 juan, shi yu 1 juan (by Qing Fenghui, Qing dynasty)","","","民國初年(1912)刊本","","","","","1912",1912,1912,"民國","Minguo","元年","1 nian ","壬子","Renzi","4","3+1","","","","王恩鑄、曹典初、盧震鏊序，瑞麟、茀蓀校；王恩鑄、曹典初均序於民國二年，以此推算出版年份。唱和人名秦友竹、蔡伯穎、湘筠姊等未有人物資料，尚未創建人名(2022)。 ","王恩鑄、曹典初、盧震鏊序","","","","","《歷代婦女著作考》724頁","別集"
132,3615458,"PRIV","","0","聽簧閣存草(清洪暉堂撰)","Ting huang ge cun cao  (by Hong Huitang, Qing dynasty)","","","光緒十三年(1887) 隨意軒刻本","","","隨意軒","Suiyixuan","1887",1887,1887,"清","Qing","光緒十三年","Guanxu 13 nian","","","","3","","","","","陳餘山序","洪楙勛跋","","","","","別集"
133,3615464,"PRIV","","0","海棠春曉樓吟草(清武淑儀撰)","Hai tang chun xiao lou yin cao (by Wu Shuyi, Qing dynasty)","","","清光緒二十三年(1897)刻本","","","","","1897",1897,1897,"清","Qing","光緒23年","Guangxu 23 nian","丁酉","Dingyou","1","","","","","前有汪承望，汪承笏，徐敦穆，錢寶璵題詞，子趙嗣慶及弟武麟仁序。凡詩一百六十首。附續刻一卷，凡詩六十八首。有錢寶璵序。 ","子趙嗣慶及弟武麟仁序，錢寶璵為《續草》序","","","汪承望，汪承笏，徐敦穆，錢寶璵","","《歷代婦女著作考》400頁","別集"
134,0,"SYSU","18208","","古雪詩鈔:一卷, 續鈔: 一卷, 詩餘:一卷(清楊繼端撰）","Gu xue shi chao：1 juan, xu chao：1 juan, shi yu: 1 juan(Yang Jiduan,Qing dynasty)","","","清嘉慶十四年(1809)刻本","","","杭州愛日軒陸貞一刻本","","1809",1809,1809,"清","Qing","嘉慶十四年","Jiaqing 14 nian","己巳","Jisi","2","1＋1＋1","","","","","","","","","","歷代婦女著作考679 頁","別集"
135,0,"SYSU","18341","","桐華吟館詩稿:一卷(清汪佩珩撰）","Tong hua yin guan shi：er juan (Qing Wang Peiheng zhuan)","","","清光緒二十一年乙未（1895）石印本","","","汪氏家集","","1895",1895,1895,"清","Qing","光緒二十一年","Guangxu 21 nian","乙未","Yiwei","1","1","","","","","嚴壽慈，表弟曹用霖序","","","王昌頤，嚴壽慈","","歷代婦女著作考352頁","別集"
136,0,"SYSU","18636","","芙蓉館遺稿：一卷(清史印玉撰)","Fu rong guan yi gao: yi juan (Qing Shi Yinyu zhuan)","","","同治十三年甲戌(1874)刊本","","","","","1874",1874,1874,"清","Qing","同治十三年","Tongzhi 13 nian","甲戌","Jiaxu","1","","","","","","","","","","","歷代婦女著作考262-263頁","別集"
137,0,"SYSU","18796","","清湘樓詩選:一卷 (清凌興鳳撰）","Qing xiang lou shi xuan: 1 juan (Qing Ling Xingfeng zhuan)","","","清光緒六年(1880)快閣師石山房抄本","","","清光緒快閣師石山房","Qing Guangxu Kuaige shishi shanfang","1880",1880,1880,"清","Qing","光緒六年","Guangxu 6 nian","庚辰","geng chen","1","","","","","出版年份依最後""光緒庚辰六年十一月廿三日會稽陶聯士雅清甫題于快閣""","","范鍇","","陶聯士","","歷代婦女著作考454頁","別集"
138,0,"SYSU","18915","","慧福樓幸草: 一卷(清俞繡孫撰）","Hui fu lou xing cao: yi juan (Qing Yu Xiusun zhuan)","","","光緒九年癸未(1883)蘇州刊本","蘇州","Suzhou","春在堂叢書","Chun zai tang cong shu","1883",1883,1883,"清","Qing","光緒九年","Guangxu 9 nian","癸未","Guiwei","","","","","","","","","","","","歷代婦女著作考 415頁","別集"
139,0,"SYSU","19332","","碧華館吟草:一卷 (清殷如琳撰）","Bi hua guan yin cao:yi juan (Qing Yin Rulin zhuan)","","","1932年排印本","","","","","1932",1932,1932,"民國","Minguo","二十一年","21 nian","壬申","Ren shen","1","1","","","","","仇埰","方長玉","","王柘香，黃家修","","歷代婦女著作考484頁","別集"
140,0,"SYSU","19505","","倚雲樓詩鈔：一卷(清劉月娟撰）","Yi yun lou shi chao: yi juan (Qing Liu Yuejuan zhuan)","","","民國元年(1912)刻本","","","","","1912-1949",1912,1912,"民國","Minguo","元年","Yuan nian","壬子","ren zi ","1","","","","","《歷代婦女著作考》誤作排印本著錄","李學溶","","","","","歷代婦女著作考713頁","別集"
141,0,"SYSU","39700","","飛素閣遺詩：一卷(清梁靄撰）","Fei su ge yi shi:yi juan (Qing Liang Ai zhuan)","","","光緒二十六年庚子(1900)刊本","","","","","1900",1900,1900,"清","Qing","光緒二十六年","Guangxu 26 nian","庚子","Gengzi","1","","","","","","","","","","","歷代婦女著作考546頁","別集"
142,0,"SYSU","20079","","聞妙香室詞:一卷(清陸珊撰）","Wen miao xiang shi ci:yi juan(Qing Lu Shan zhuan)","","","清同治二年(1863)刻本","","","","","",1863,1863,"清","Qing","同治二年","Tongzhi 2 nian","","","","","","","","","","","","張應昌","","歷代婦女著作考612頁","別集"
143,0,"SYSU","21423","","綠綺閣詩鈔：一卷(清李佩珍撰）","Lü qi ge shi shao：1 juan (Li Peizhen,Qing dynasty)","","","清光緒二十六年(1900)刊本","","","甘泉北軒刊本","","1900",1900,1900,"清","Qing","光緒二十六年","Guangxu 26 nian","庚子","Gengzi","1","1","","","","唱和對象諸閨友梁玉馨, 吳慧珊，劉蘭卿，陳湘簾未能找到人物資料，尚未創建人名(2022)。","陸宗瓚","黃鏞","","","","歷代婦女著作考330 頁","別集"
144,0,"SYSU","18967","","絮香吟館小草：一卷(清庫雅勒齡文撰）","Xu xiang yin guan xiao cao：1 juan (Kuyale Lingwen,Qing dynasty)","","","光緒十二年(1886)刊本","","","","","1886",1886,1886,"清","Qing","光緒十二年","Guangxu 12 nian","丙戌","BIngxu","1","1","","","","","彭玉麟、張珮綸、龍繼棟序","","","","","歷代婦女著作考818頁","別集"
145,0,"SYSU","19042","","儀孝堂詩集：一卷（清何承徽撰）","Yi xiao tang shi ji: 1 juan (He Chenghui, QIng dynasty)","","","一九一七年鉛印本","上海","Shanghai","上海國光書局","Shanghai guo guang shu ju","1917",1917,1917,"民國","Minguo","六年","6 nian","丁巳","DIngsi","1","1","","","","","譚延闓","","","黎元洪","","歷代婦女著作考293頁","別集"
146,0,"SYSU","02091","","苔牕拾藁：一卷（清吳永和撰）","Tai chuang shi gao: 1 juan (Wu Yonghe, Qing dynasty)","","","雍正三年(1725)寫刻精刊本","","","","","1725",1725,1725,"清","Qing","雍正三年","Yongzheng 3 nian","乙巳","Yisi","1","1","","","","","孫讜、邵坡、徐永宣、沈德潛","","","","","歷代婦女著作考301頁","別集"
147,0,"SYSU","19046","","碧桃花館詩鈔:一卷, 繡餘閣詩草:一卷(清石錦繡撰）","Bi tao hua guan shi chao:1 juan, Xiu yu ge shi cao:1 juan (Shi Jinxiu, Qing dynasty)","","","同治五年(1866)刻本","","","","","1866",1866,1866,"清","Qing","同治五年","Tongzhi 5 nian","丙寅","Bingyin","1","1+1","","","","大致編年體.末首詩己未年作(1859).首頁注:一本一角三分.GF","黃家駒、周長森、劉世墀、黃淦、黃元坤、劉玉懷、范軧衡","","","","","歷代婦女著作考270頁","別集"
148,0,"SYSU","19028","","佩珊珊室詩存：一卷(清王紉佩撰)","Pei shan shan shi shi cun:1 jun (Wang Renpei, Qing dynasty)","","","光緒十九年(1893)刊本","","","","","1893",1893,1893,"清","Qing","光緒十九年","Guangxu 19 nian","癸巳","gui si","1","1","","","","","汪清麟、江峯青","","","顧福仁, 吳世欽, 史增美, 紀驤, 黃福元，寧本瑜，程兼善，江峯青","","歷代婦女著作考235頁","別集"
149,0,"SYSU","20061","","唾絨餘草：一卷(清吴小姑撰)","Tuo rong yu cao:1 juan (Wu Xiaogu, Qing dynasty)","","海山仙人詞","同治(1862-1874)刻本","廣州","Guangzhou","羊城西湖街富文齋","Yang cheng Xi hu jie Fu wen zhai","1862-1874",1862,1874,"清","Qing","同治","Tongzhi","","","1","1","","","","","黃時春、羅晉先","","","羅定霖，李長榮，傅兆麟，羅嘉蓉，李夢庚，羅家祥，蕭志健，羅元祚，李芳蘭，羅甡祚，仇詒厚，羅戴祚，何芳，陳輔光，盧承衡，彭元龍，范瑛，簡一中，蔡蘊玉，梁念高，周文噩，梁念榮，羅承綸","","清代版刻一隅389頁, 《歷代婦女著作考》297頁","別集"
150,0,"SYSU","18641","","吳陽女士詩：一卷(清化州陳玉山妻李氏撰)","Wuyang nu shi shi:1 juan (by Hua zhou Chen Yushan's wife Li shi, Qing dynasty)","","","清末(1851-1911)抄本","","","","","1851-1911",1851,1911,"清末","Qing mo","","","","","1","1","","","","駱偉主編《廣東文獻綜錄》(2000)稱為""清末抄本""(309頁)。","","","","","","清代稿抄本(第一輯)第43冊，國家清史委員會編","別集"
151,0,"SYSU","19686","","噫餘室詩鈔:一卷(清劉韻芳撰)","Yi yu shi shi chao:1 juan (Liu Yunfang, Qing dynasty)","","","民國十年(1921)石印本","南昌","Nanchang","南昌百花洲銘紀石印所","Nanchang bai hua zhou ming ji shi yin suo","1921",1921,1921,"民國","Minguo","十年","10 nian","辛酉","Xinyou","1","1","","","","","黃山,王之恩,彭鴻元,劉化成序","","","","","中山大學圖書館","別集"
152,0,"SYSU","19687","","增訂噫余室詩鈔:一卷(清劉韻芳撰)","Zeng ding Yi yu shi shi chao:1 juan (Liu Yunfang, Qing dynasty)","","","民國十一年(1922)鉛印本","南昌","Nanchang","南昌摛華印刷公司","Nanchang Chi hua yin shua gong si","1922",1922,1922,"民國","Minguo","十一年","11 nian","壬戌","Renxu","1","1","","","","","郭沈毅,黃山,彭鴻元,王之恩,劉化成序","","","","","中山大學圖書館","別集"
153,0,"SYSU","18232","","話雨樓詩草: 三卷(清言忠貞撰）","Hua yu lou shi cao:3 juan (by Yan Zhongzhen, Qing dynasty)","","","光緒元年乙亥(1875）刊本","","","","","1875",1875,1875,"清","Qing","光緒元年","Guangxu yuan nian","乙亥","Yihai","1","1+1+1","","","","","翁瑞恩序","言良鑫","","","","歷代婦女著作考374頁","別集"
154,0,"SYSU","19650","","容韓女士詩鈔：一卷(清韓綺如撰)","Rong Han nü shi shi chao:1 juan (by Han Qiru, Qing dynasty)","","","一九二七年排印本","","","","","1927",1927,1927,"民國","Minguo","十六年","Shi liu nian","丁卯","Dingmao","1","1","","","","","盧子駿, 容啓藩, 容體正序","","","","","歷代婦女著作考775頁","別集"
155,0,"SYSU","19009","","紅餘籀室唫草：三卷(清李端臨撰）","Hong yu zhou shi yin cao：3 juan(by Li Duanlin, Qing dynasty)","","","光緒十三年丁亥(1887)刊本","","","","","1887",1887,1887,"清","Qing","光緒十三年","Guangxu 13 nian","丁亥","Dinghai","1","1+1+1＋1","","","","","傅雲龍, 趙藩作序","","","趙藩, 呂耀斗","","歷代婦女著作考341頁","別集"
156,0,"SYSU","18283","","綠槐書屋詩稿:三卷(清張綸英撰）","Lü huai shu wu shi gao: 3 juan (by Zhang Lunying, Qing dynasty)","","","同治七年戊辰(1868)重刊本","","","","","1868",1868,1868,"清","Qing","同治七年","Tongzhi 7 nian","戊辰","Wuchen","1","1+1+1","","","","","張曜孫","楊金監 ","","張紈英, 張祥珍, 呂儁孫,王采蘋,王臣弼,王采蘩","","歷代婦女著作考525頁","別集"
157,0,"SYSU","19252","","清足居集:一卷, 蕉窗詞:一卷(清鄧瑜撰）","Qing zu ju ji: 1 juan, Jiao chuang ci: 1 juan (by Deng Yu, Qing dynasty)","","","光緒二十一年乙未(1895)泉唐諸氏家刻本","泉唐","Quantang","泉唐諸氏","Quantang Zhu shi","1895",1895,1895,"光緒","Guangxu","二十一年","21 nian","乙未","Yiwei","1","1+1","","","","","譚獻﹐鄧濂序","","","鄧恩錫 ","","歷代婦女著作考738頁","別集"
158,0,"SYSU","19008","","餐菊軒詩草: 一卷(清伍淡如撰）","Can ju xuan shi cao:1 juan (by Wu Danru, Qing dynasty)","","","光緒十四年戊子(1888)重刊本","","","","","1888",1888,1888,"清","Qing","光緒十四年","Guangxu 14 nian","戊子","Wuzi","1","1","","","","","李嘉瑞，李鴻章，丁壽昌，朱泰修，黃振鈞，謝觐虞，顧思賢，汪世澤, 陳維周, 關棠等十六人序，自序","李光煦，孫詒讓跋","","勒方錡,潘鼎新,孫衣言,沈壽榕,劉樹等二十二人題詞","","歷代婦女著作考272頁","別集"
159,0,"SYSU","16173","","聽松樓遺稿: 四卷(清陳爾士撰）","Ting song lou yi gao: 4 juan (by Chen Ershi, Qing dynasty)","","","道光元年辛巳(1821)刊本","","","","","1821",1821,1821,"清","Qing","道光元年","Daoguang yuan nian","辛巳","Xinsi","1","1＋1＋1＋1","","","","","金孝維, 王照圓，董祐誠序","","","","","歷代婦女著作考601頁","別集"
160,0,"SYSU","19063","","錦霞閣詩集:五卷，詞集：一卷(清包蘭瑛撰）","Jin xia ge shi ji:5 juan, Ci ji:yi juan (by Bao Lanying, Qing dynasty)","","","宣統二年庚戌(1910）刊本","杭州","Hangzhou","","","1910",1910,1910,"清","Qing","宣統二年","Xuantong 2 nian","庚戌","Gengxu","1","1+1+1+1+1","","","","","俞樾，傅崇，胡德彝，朱兆蓉序，自序","","","崔永安,陸元鼎,陸元鼎,楊葆光,楊葆光等二十一人題詞","","歷代婦女著作考262頁","別集"
161,0,"SYSU","19602","","白華草堂詩:六卷，玉尺樓詩：一卷(清張昭漢撰)","Bai hua cao tang shi: 6 juan, Yu chi lou shi: 1 juan(by Zhang Zhaohan, Qing dynasty)","","","民國二十三年(1934)刊本","","","","","1934",1934,1934,"民國","Minguo","二十三年","23 nian","","","1","6+1","","","","","陳三立,陳衍,伍非百,邵元冲","","","","","清人詩文集總目提要，歷代婦女著作考無著錄","別集"
162,0,"SYSU","18192","","綠窗吟草: 一卷(清楊瓊華撰)","Lü chuang yin cao: 1 juan (by Yang Qionghua, Qing dynasty)","","","道光十二年壬辰(1832)刊本","","","","","1832",1832,1832,"清","Qing","道光十二年","Daoguang 12 nian","壬辰","Renchen","2","1","","","","","袁枚,姚德豫序","姚德豫後記","","蔣士銓,李元叔,吳逢聖,任藩,汪嘉穀,姚明華,姚素玉,陳珄","","歷代婦女著作考678頁","別集"
163,0,"SYSU","18085","","樹蕙軒詩鈔: 三卷(清虞友蘭撰)","Shu hui xuan shi chao: 3 juan (by Yu Youlan, Qing dynasty)","","","晚清(1850-1911)重刊本","","","","","1850-1911",1850,1911,"清末","Qing mo","","","","","2","1＋1＋1","","","","此版為""曾孫(劉)曾撰""重刊本。曾國藩有一同名幕僚，咸豐八年入幕，同治四年離開，出任湖南辰州府知府，年代相近，或為同一人。","翁方剛、熊方受序","","","沈維鐈","","歷代婦女著作考692頁","別集"
164,0,"SYSU","02031","","凝翠樓集:四卷(清王慧撰)","Ning cui lou ji: 4 juan (by Wang Hui, Qing dynasty)","","","康熙四十七年戊子(1708)朱氏銀槎閣精刊本","","","朱氏銀槎閣","Zhu shi Yin cha ge","1708",1708,1708,"清","Qing","康熙四十七年","Kangxi 47 nian","戊子","Wuzi","2","1+1+1＋1","","","","","唐孫華序","王吉武跋","","","","歷代婦女著作考252頁","別集"
165,0,"SYSU","18195","","寫韻樓詩集: 五卷(清吳瓊仙撰)","Xie yun lou shi ji: 5 juan (by Wu Qiongxian, Qing dynasty)","","","道光十二年(1832)刊本","","","","","1832",1832,1832,"清","Qing","道光十二年","Daoguang 12 nian","","","2","1＋1＋1＋1＋1","","","","唱和對象“宋箵卿夫人“,""瑤林大妹""，""程韻篁""，""魏霞城"", ""陸鶴臞上舍""等人物信息不全，並未創建唱和人名。","吳錫麟","","","","","歷代婦女著作考316頁","別集"
166,0,"SYSU","19168","","讀選樓詩稿: 十卷(清王采蘋撰)","Du xuan lou shi gao: 10 juan (by Wang Caiping, Qing dynasty)","","","光緒甲午年(1894)吳縣朱氏槐盧翻刻本","吳縣","Wu xian","吳縣朱氏槐盧","Wu xian Zhu shi Kui lu","1894",1894,1894,"清","Qing","光緒","Guangxu","甲午","Jiawu","2","1+1+1+1+1+1+1+1+1+1","","","","","許振褘序","","","","","歷代婦女著作考234頁","別集"
167,0,"SYSU","18925","","綠雲山房詩草:二卷(清勞蓉君撰)","Lü yun shan fang shi cao: 2 juan (by Lao Rongjun, Qing dynasty)","","","光緒四年戊寅(1878)刊本","山陰","Shanyin","山陰陳氏桔蔭軒","Shanyin Chen shi Ju yin xuan","1878",1878,1878,"清","Qing","光緒四年","Guangxu 4 nian","戊寅","Wuyin","2","1+1","","","","","陳畫卿、鄔鶴徵，杜煦、勞沅恩、何燦、宗稷辰、丁丙、袁鏡蓉、陳嘉、關瑛等十四人序","陳昌沂, 陳錦 ","","鄔鶴徵,勞蓮君,徐啓謨,陶蘭卿等二十七人題詞","","歷代婦女著作考625頁","別集"
168,0,"SYSU","19374","","古香閣全集:四卷(清葉璧華撰)","Gu xiang ge quan ji:si juan (by Ye Bihua, Qing Dynasty)","","","清光緒二十九年(1903)嘉應刻本","嘉應","Jiaying","嘉應西門外奇珍閣","Jiaying xi men wai Qi zhen ge","1903",1903,1903,"清","Qing","光緒二十九年","Guangxu er shi jiu nian","癸卯","Guimao","2","1+1＋1＋1","","","","","黃遵憲序、葉衍蘭序、自序","","","","","歷代婦女著作考 687頁","別集"
169,0,"SYSU","18506","","息存室吟稿初集一卷續集一卷:二卷(清杭溫如撰)","Xi cun shi yin gao chu ji yi juan xu ji yi juan: 2 juan (by Hang Wenru, Qing Dynasty)","","","清嘉慶十三年戊辰(1808)原刻續集嘉慶二十二年丁丑(1817)刻光緒三十四年(1908)重梓","","","","","1908",1908,1908,"清","Qing","光緒三十四年","Guangxu 34 nian","戊申","Wushen","2","1+1","","","","嘉慶13年戊辰原刻續集嘉慶22年丁丑(1817)","孟元泰、許麗京、胡啓虞、趙元中","","","","","歷代婦女著作考 395頁","別集"
170,0,"SYSU","03550","","聽秋軒詩集:六卷(清駱綺蘭撰)","Ting qiu xuan shi ji: 6 juan (by Luo Qilan, Qing dynasty)","","","清嘉慶金陵龔氏刻本","金陵","Jinling","","","清嘉慶",1796,1820,"清","Qing","嘉慶","Jiaqing","","","4","1＋1＋1＋1＋1+1","","","","","袁枚、王文治、曾燠","","","","","歷代婦女著作考 761頁","別集"
171,0,"SYSU","00896","","讀史管見:三卷(清李晚芳撰)","Du shi guan jian: 3 juan (by Li Wanfang, Qing dynasty)","","","清乾隆五十二年(1787)梁煒刻嘉慶印本","","","","","1787",1787,1787,"清","Qing","乾隆五十二年","Qianlong 52 nian","丁未","Dingwei","3","1+1+1","","","","","謝方端、李晚芳、伍鼎臣","李履中","","","","歷代婦女著作考 337頁","別集"
172,0,"SYSU","14113","","名媛詩話十二卷續集三卷: 十五卷(清沈善寶撰)","Ming yuan shi hua shi er juan xu ji san juan: 15 juan (by Shen Shanbao, Qing Dynasty)","","","清光緒五年(1879)鴻雪樓刻巾箱本","","","","","1879",1879,1879,"清","Qing","光緒五年","Guangxu 5 nian","己卯","Jimao","5","1+1+1+1+1+1+1+1+1+1+1+1+1+1+1","","","","","秦煥","男友怡","","","","歷代婦女著作考 367頁","詩話"
173,0,"SYSU","20039","","花影吹笙室詞: 一卷(清李慎溶撰)","Hua ying chui sheng ci yi juan:1 juan (by Li Shenrong, QIng Dynasty)","","","民國九年(1920)鉛印本","","","","","1920",1920,1920,"民國","Minguo","九年","9 nian","","","1","1+1","","","","附於其父李宗祎《雙辛夷樓詞》後，見林紓《墓誌銘》","林紓、張鳴珂、李宗言","李宣龔","","","","歷代婦女著作考339頁 （refers to a 1937 edition in 墨巢叢刻）","合刻"
174,0,"SYSU","02180","","蘊真軒詩鈔:二卷(清蔡琬撰)","Yun zhen xuan shi chao:2 juan (by Cai Wan, Qing dynasty)","","","乾隆四十四年己亥(1799)寫刻本","","","","","1799",1799,1799,"清","Qing","乾隆四十四年","Qianlong 44 nian","己亥","Jihai","2","1+1","","","","","張裕犖，蔡永名 張裕犖, 蔡永名 ","","","","","歷代婦女著作考 731頁","別集"
175,0,"SYSU","02522","","吳江沈氏詩集:十二卷(清沈祖禹輯)","Wujiang Shen shi shi ji: 12 juan (by Shen Zuyu, Qing dynasty","","","乾隆五年(1740)沈氏刻本","","","","","1740",1740,1740,"清","Qing","乾隆五年","Qianlong 5 nian","庚申","Gengshen","1","1+1","","","","胡文楷錄《吳江沈氏閨秀詩》(942頁)","沈祖禹、沈彤","","","","","","總集"
177,0,"SYSU","03655","","蓮香集:五卷(明張喬撰)","Lian xiang ji: 5 juan (by Zhang Qiao, Ming Dynasty)","","","清乾隆三十年(1765)順德梁釪重刻本","順德","Shunde","梁釪","Liang Hua","1765",1765,1765,"清","Qing","乾隆三十年","Qianlong 30 nian","乙酉","Yiyou","2","1+1+1+1+1","","","","","梁釪、謝長文、梁祐逵、胡平運、朱統金劉","李明嶽","","","","歷代婦女著作考158頁","別集"
178,0,"SYSU","10174","","周易翼釋義:一卷(清安璿珠撰)","Zhou yi yi shi yi:1 juan (by An Xuanzhu, Qing Dynasty)","","","清道光二年(1822)吳興凌氏傳經堂叢書本","吳興","Wuxing","凌氏傳經堂叢書","Wuxing Ling shi Chuan jing tang cong shu","1822",1822,1822,"清","Qing","道光二年","Daoguang 2 nian","壬午","Renwu","1","1","","","","","朱珪、劉權之、凌堃、安璿珠","凌鏞、凌鎬、閔登","","","","歷代婦女著作考 274頁","別集"
180,0,"SYSU","14229","","然脂餘韻: 六卷(清王蘊章撰)","Ran zhi yu yun: 6 juan (by Wang Yunzhang, Qing dynasty)","","","民國九年(1920)上海商務印書館鉛印本","上海","Shanghai","商務印書館","Shang wu yin shu guan","1920",1920,1920,"民國","Minguo","九年","9 nian","庚申","Gengshen","3","1+1+1+1+1+1","","","","","邵瑞彭、白曾然、王蘊章","徐彥寬","","","","","詩話"
181,0,"SYSU","16593","","浣月樓遺詩:二卷(清李楣撰)","Huan yue lou yi shi:2 juan (by Li Mei, Qing dynasty)","","","清光緒九年(1883)後刻本","","","","","1883-1908",1883,1908,"清","Qing","光緒","Guangxu","","","1","1+1","","","","《先母行略》清光緒九年（1883）著","","","","","","歷代婦女著作考340頁","別集"
182,0,"SYSU","17432","","奩詩泐補:二卷,奩泐續補:三卷(清范端昂輯)","Lian shi le bu:2 juan, Lian le xu bu:2 juan(by Fan Duanang, Qing dynasty)","","","1955年胡氏復寫本","","","","","1955",1955,1955,"","","","","","","2","1+1+1+1+1","","","","","關夢球、范端昂","","","","","歷代婦女著作考904,905頁","總集"
183,0,"NLC","15917","","憶秋軒詩鈔:一卷,續鈔:一卷,補遺:一卷,詩餘:一卷,尺牘偶存:一卷(清范淑撰)","Yi qiu xuan shi chao: 1 juan, xu chao: 1 juan, shiyu: 1 juan, chidu oucun: 1 juan (by Fan Shu, Qing Dynasty)","","","清光緒十七年(1891)范履福良鄉官廨刻本","良鄉","Liangxiang","范履福","Fan Lüfu","1891",1891,1891,"清","Qing","光緒十七年","Guangxu 17 nian","辛卯","Xinmao","2","1+1+1+1+1","10行22字白口四周雙邊單魚尾","","","","陳景曾, 陳世慶, 蔣湘南, 范元亨","","","","","歷代婦女著作考446頁","別集"
185,0,"SYSU","18228","","瓊樓吟稿:一卷(清陶善撰)","Qiong lou yin gao: 1 juan (by Tao Shan, Qing Dynasty)","","","清光緒九年(1883)刻本","","","","","1883",1883,1883,"清","Qing","光緒九年","Guangxu 9 nian","癸未","Guiwei","1","1","","","","此書附於彭希洛《簡緣詩草》後，陶善乃彭希洛妻","石韫玉, 彭紹升","","","","","歷代婦女著作考610-611頁","別集"
186,0,"SYSU","18399","","棣華館詩課:十二卷(清張晉禮輯)","Di hua guan shi ke: 12 juan (by Zhang Jinli, Qing Dynasty)","","","清道光三十年(1850)武昌官署棣華館刻本","武昌","Wuchang","棣華館","Di hua guan","1850",1850,1850,"清","Qing","道光三十年","Daoguang 30 nian","庚戌","Gengxu","4","1+1+1+1+1+1+1+1+1+1+1+1","","","","共收王采蘋、王采蘩、王采藻、王采藍、張祥珍、李孌六位女詩人作品","張曜孫, 章岳鎮, 鄧傳密, 張晉禮","謝有蘭, 蔣煜廷, 王臣弼, 董思誠, 張紈英","","","","歷代婦女著作考935頁","總集"
187,0,"SYSU","19024","","蕉雨軒稿:一卷(清龍唫薌撰)","Jiao yu xuan gao: 1 juan (by Long Jinxiang, Qing Dynasty)","","","清光緒三十四年(1908)刻本","","","","","1908",1908,1908,"清","Qing","光緒三十四年","Guangxu 34 nian","戊申","Wusheng","1","1","","","","附其弟龍令憲《五山草堂初編》(二卷)後","龍令憲","","","","","歷代婦女著作考764頁","別集"
188,0,"SYSU","19420","","不櫛吟續刻: 不分卷,不櫛吟未刻稿: 不分卷(清潘素心撰)","Bu zhi yin xu ke: bu fen juan, Bu zhi yin wei ke gao: bu fen juan (by Pan Suxin, Qing Dynasty)","","","晚清(1843-1911)抄本","","","","","1843-1911",1843,1911,"清末","Qing mo","","","","","1","","","",""," 未刻稿部份，最後一首應是寫於壬寅次年，即道光二十三年(1843)。以此推斷此本當為1843年後所抄。","孫恭壽, 汪同懌","","","","","歷代婦女著作考727頁","別集"
189,0,"SYSU","19674","","碧梧軒詩草:一卷(清許桐撰)","Bi wu xuan shi cao: 1 juan (by Xu Tong, Qing Dynasty)","","","民國二十六年(1927)鉛印本","","","","","1927",1927,1927,"民國","Minguo","二十六年","26 nian","丁卯","Dingmao","1","1","","","","","方蕓蓀, 張肇崧","","","","","","別集"
190,0,"SYSU","20081","","月樓琴語: 一卷(清蕭恆貞撰)","Yue lou qin yu: 1 juan (by Xiao Hengzhen, Qing Dynasty)","","","清光緒十七年(1891)石印本","","","","","1891",1891,1891,"清","Qing","光緒十七年","Guangxu 17 nian","辛卯","Xinmao","1","1","","","","","周天麟","","","","","歷代婦女著作考768頁","別集"
191,0,"SYSU","20338","","畫荻吟草:一卷(清馬雅文撰)","Hua di yin cao: 1 juan (by Ma Yawen, Qing Dynasty)","","","民國二十五年(1936)廣州鉛印本","廣州","Guangzhou","","","1936",1936,1936,"民國","Min guo","二十五年","25 nian ","丙子","Bingzi","1","1","","","","扉頁題詞以及施兆浚序均屬民國二十五年(丙子)，以此為出版年。","桂坫, 陳安仁, 施兆浚","葉元詔, 馮澂","","羅翼群,伍蕃,陸幼剛","","《歷代婦女著作考》無著錄","別集"
192,0,"SYSU","20721","","繪圖續再生緣: 十六卷十六回(清侯芝改訂）","Hui tu Xu Zai sheng yuan: 16 juan 16 hui (by Hou Zhi, Qing Dynasty)","","","上海錦章圖書局石印","上海","Shanghai","錦章圖書局","Jinzhang tushu ju","1911-1930",1911,1930,"","","","","","","8","1+1+1+1+1+1+1+1+1+1+1+1+1+1+1+1","","","","","宋淑吉","","","","","","彈詞"
193,0,"SYSU","20725","","繡像夢影緣:四十八回(清鄭貞華撰)		","Xiu xiang Meng ying yuan: si shi ba hui (by Zheng Zhenhua, Qing Dynasty)","","","清光緒二十一年(1895)竹簡齋石印本","杭州","Hangzhou","竹簡齋","Zhu jian zhai","1895",1895,1895,"清","Qing","光緒二十一年","Guangxu 21 nian","乙未","Yiwei","16","","","","","","鄭貞華","","","","","歷代婦女著作考740頁","彈詞"
194,0,"SYSU","21116","","繪圖筆生花: 十六卷三十二回(清邱心如撰)","Hui tu Bi sheng hua: 16 juan 32 hui (by Qiu Xinru, Qing Dynasty)","","","清光緒二十六年(1900)上海書局石印本","上海","Shanghai","上海書局","Shanghai shu ju","1900",1900,1900,"清","Qing","光緒二十六年","Guangxu er shi liu nian","己亥","Jihai","16","1+1+1+1+1+1+1+1+1+1+1+1+1+1+1+1+1+1+1+1+1+1+1+1+1","","","","牌記作""光緒己亥仲夏上海書局石印""，但插圖(10b)顯示民國二年(1913)","陳同勛, 雲腴女士","","","","","歷代婦女著作考402-403頁","彈詞"
195,0,"SYSU","21428","","再生緣全傳: 二十卷八十回(清侯芝改訂)","Zai sheng yuan quan zhuan: 20 juan 80 hui (by Hou Zhi, Qing Dynasty)","","","同治壬申孟春重刊","","","姑蘇原本石經堂藏板","Gusu yuan ben Shi jing tang cang ban","同治壬申",1872,1872,"清","Qing","同治十一年","Tongzhi shi yi nian","壬申","Rensheng","20","1+1+1+1+1+1+1+1＋1+1+1+1＋1+1+1+1＋1+1+1+1","","","","","香葉閣主人","","","","","歷代婦女著作考598頁","彈詞"
196,0,"SYSU","25252","","列女傳校讀本:八卷(清梁端校注)		","Lie nü zhuan jiao du ben: 8 juan (Annotated by Liang Duan, Qing Dynasty)","","","上海會文堂粹記出版","上海","Shanghai","會文堂粹記 ","Hui wen tang cui ji","1903-1949",1903,1949,"清末民国","Qing mo Minguo","","","","","1","1+1+1+1＋1+1+1+1","","","","","曾鞏,王回, 梁德繩,汪遠孫","汪曾本","","","","歷代婦女著作考544頁","傳"
197,0,"SYSU","25561","","玉臺畫史:五卷,別錄:一卷(清湯漱玉輯)","Yu tai hua shi: 5 juan, Bie lu: 1 juan (by Tang Shuyu, Qing Dynasty)","","","清道光十一年(1831)錢塘汪氏振綺堂刻本","錢塘","Qiantang","錢塘汪氏振綺堂","Qiantang Wang shi Zhen qi tang","1831",1831,1831,"清","Qing","道光十一年","Daoguang 11 nian","辛卯","Xinmao","1","1+1+1+1+1+1","","","","","胡敬","","","","","歷代婦女著作考640頁","總集"
198,0,"NLC","1550","","寫韻樓詩草:一卷(清吳瓊仙撰)","Xie yun lou shi cao; 1 junan  (by Wu Qiongxian, Qing dynasty)","","","清中後期(1800-1911）抄本","","","","","1800-1911",1800,1911,"清","Qing","","","","","1","1","","","","封面作《寫韻樓遺詩》；無任何年份信息。唯以作者吳瓊仙(1766-1803）年代推斷，大致當在1800年後。","","","","","","歷代婦女著作考316頁","別集"
199,0,"NLC","2935","","月珠樓吟稿:一卷(清黃蘭雪撰)","Yue zhu lou yin gao: 1 juan (by Huang Lanxue, Qing Dynasty)","","","清嘉慶十一年(1806)刻本","海寧","Haining","吴騫","Wu Qian","1736-1795",1736,1795,"清","Qing","嘉慶十一年","Jiaqing 11 nian","丙寅","bing yin","1","1","","","","海昌麗則十卷之一卷；原圖書館目錄以清乾隆嘉慶間(1736-1795)為出版年份；張衢序於嘉慶乙丑年(1805), 吳騫序於嘉慶丙寅年(1806)","張衢,吳騫","","","","","歷代婦女著作考668頁","別集"
200,0,"NLC","5312","","綺餘書室詩稿:一卷(清陳葆貞撰)","Qi yu shu shi shi gao:1 juan (by Chen Baozhen, Qing Dynasty)","","","清道光咸豐年間(1821-1861)抄本","","","","","1821-1861",1821,1861,"清","Qing","道光咸豐","Daoguang Xianfeng","","","1","1","","","","出版年份據封面""沈湘佩女史看本""推斷。沈善寶卒於1862，則此本的抄錄應在其生前。又據詩文中陳葆貞已結婚生子計，以道光元年(1821)為抄本年份上限。《歷代婦女著作考》596頁僅收《綺餘室吟草》(WorkID348)，未收《綺餘書室詩稿》. ","","","","","","","別集"
201,0,"NLC","7352:54","","紅樓夢題詞:一卷(清周綺撰)","Hong lou meng ti ci: 1 juan (by Zhou Qi, Qing Dynasty)","","","清宣統年間(1909-1911)香豔叢書排印版","上海","Shanghai ","國學扶輪社","Guo xue fu luan she","1909-1911",1909,1911,"清","Qing","宣統","Xuantong","","","1","1","","","","收錄於張廷華編《香豔叢書》第十四集。《香豔叢書》於1909-1911年由上海國學扶輪社排印出版。","","","","","","歷代婦女著作考383頁","別集"
202,0,"NLC","7977","","馬孝女遺集:六卷(清馬延淑撰)","Ma xiao nü yi ji:6 juan (by Ma Yanshu, Qing Dynasty)","","","宣統二年庚戌(1910)刊本","","","","","1910",1910,1910,"清","Qing","宣統二年","Xuantong 2 nian","庚戌","Geng Xu","3","1+1+1+1+1+1","","","","","方雷,吳元麒,王籌鶴,許延恩","","","","","歷代婦女著作考496頁","別集"
203,0,"NLC","09549","","嘯雪庵題詠二集:一卷,詩餘:一卷(清吳綃撰)","Xiao xue an ti yong er ji:1juan, Shi yu:1 juan (by Wu Xiao, Qing Dynasty","","","清初(1644-1722)抄本","","","","","1644-1722",1644,1722,"清","Qing","","","","","1","1+1","","","","原圖書館目錄載""出版发行时间： 清初[1644-1722]""","","","","","","歷代婦女著作考105頁","別集"
204,0,"NLC","09569","","紉餘漫草:一卷(清王慧增撰)","Ren yu man cao:1 juan (by Wang Huizeng, Qing Dynasty)","","","清乾隆間(1740-1750)抄本","","","","","1740-1750",1740,1750,"清","Qing","乾隆","Qianlong","","","1","1","","","","序跋之中，其伯氏伯戊之篇最早，寫於乾隆四年除日(西曆應為1740); 瞿驥所題時間最晚，跋於乾隆十五年庚午(1750)，以此二者為抄本日期。","伯戊,韓芝","顧謙,王秉鈞,聞人瑞,瞿驥","","","","歷代婦女著作考252頁","別集"
205,0,"NLC","16497","","墨莊詩鈔:二卷,文鈔:一卷,詞餘:一卷(清林以寧撰)","Mo zhuang shi chao:2 juan, Wen chao:1 juan, Ci yu:1 juan (by Ling Yining, Qing Dynasty)","","","清康熙三十六年(1697)刻本","","","","","1697",1697,1697,"清","Qing","康熙三十六年","Kangxi 36 nian","丁丑","ding chou","4","1+1+1+1","","","","原圖書館以康熙(1662-1722)為出版年份。書中林雲銘序言寫於康熙丁卯歲(1687),錢二白，康熙丁丑(1697),以1697年為出版年代。","林雲銘,錢二白","","","","","歷代婦女著作考396頁","別集"
206,0,"NLC","16956","","倚雲樓文選:一卷(清江蘭撰)","Yi yun lou wen xuan:1 juan (by Jiang Lan, Qing Dynasty)","","","清康熙年間(1697-1722)刻本","","","","","1697-1722",1697,1722,"清","Qing","康熙","Kangxi","","","3","","","","","原圖書館以康熙(1662-1722)為出版年份。據集中《墓誌銘》所載，江蘭卒於丙子年(1696)12月11日(西曆應為1697年)，因此以1697年至康熙未年(1722)為出版年份。","張叔珽、江蘩、紀瓊","","","","","歷代婦女著作考289頁","別集"
207,0,"NLC","17322","","鴛鴦社草:一卷(清王璐卿)","Yuan yang she cao:1 juan (by Wang Luqing, Qing Dynasty)","","","清鈔本","","","","","1644-1911",1644,1911,"清","Qing","","","","","1","1","","","","","","","","","","歷代婦女著作考256頁","別集"
208,0,"NLC","23723","","佩瓊詩草:一卷(清夏明琇撰)","Pei qiong shi cao:1 juan (by Xia Mingxiu, Qing Dynasty)","","","清光緒至民國間(1875-1949)抄本","","","","","",0,0,"","","","","","","1","1","","","原圖書館目錄以清光緒至民國間(1875-1949)為出版年代,抄本","","","","","","","歷代婦女著作考457頁","別集"
209,0,"NLC","23723","","月香仙館詩存:一卷(清洪劍珠撰)","Yue xiang xian guan shi cun:1 juan (by Hong Jianzhu, Qing Dynasty)","","","清光緒至民國間(1875-1949)抄本","","","","","1875-1949",1875,1949,"","","","","","","1","1","","","","原圖書館目錄以清光緒至民國間(1875-1949)為出版年代，抄本","","","","","","","別集"
210,0,"NLC","23796","","含烟閣詩:一卷,含烟閣詞:一卷(清堵霞撰)","Han yan ge shi:1 juan,Han yan ge ci:1 juan (by Du Xia, Qing Dynasty)","","","","","","","","",0,0,"","","","","","","2","1+1","","","","","高興","冒襄,玉溪生,退蜚老人","","","","歷代婦女著作考626頁","別集"
211,0,"NLC","24482","","含章閣詩鈔:一卷(清姚氏撰)","Han zhang ge shi chao:1 juan (by Yao shi, Qing Dynasty)","","","","","","","","",1851,1911,"","","","","","","","","","","","","","","","","","歷代婦女著作考423頁","別集"
212,0,"NLC","24657","","菊窗詩餘:一卷(明劉春儀撰)","Ju chuang shi yu:1 juan(by Liu Chunyi, Ming Dynasty)","","","清嘉慶七年(1802)刻本","","","","","",1802,1802,"清","Qing","嘉慶七年","Jiaqing 7 nian","壬戌","Ren Xu","1","1","","","","","","","","","","歷代婦女著作考194-195頁","別集"
213,0,"NLC","25920","","慈雲閣詩存:一卷(清朱逵撰)","Ci yun ge shi cun:1 juan (by Zhu Kui, Qing Dynasty)","","","清乾隆三十年(1765)刻本","","","","","1765",1765,1765,"清","Qing","乾隆三十年","Qianlong 30 nian","乙酉","yi you","1","1","","","","","朱琰,陳克鋐","","","","","歷代婦女著作考281頁","別集"
214,0,"NLC","25936","","安福樓閑吟:一卷(清馮氏撰), 枕濤軒雜詠:一卷(清章氏撰)","An fu lou xian yin:1 juan(by Feng shi, Qing Dynasty), Zhen tao xuan za yong:1 juan (by Zhang shi, Qing Dynasty)","","","同治六年丁卯(1867)刊本","天台","Tiantai","天台陳氏迎瑞堂","Tiantai Chen shi Ying rui tang","1867",1867,1867,"清","Qing","同治六年","Tongzhi 6 nian","丁卯","Ding Mao","1","1","","","","","","","","","","歷代婦女著作考552,657頁","合刻"
215,0,"NLC","25954","","茗香室詩略:一卷(清李如蕙撰)","Ming xiang shi shi lue:1 juan (by Li Ruhui, Qing Dynasty)","","","道光十五年乙未(1835)刊本","","","","","1835",1835,1835,"清","Qing","道光十五年","Daoguang 15 nian","乙未","Yiwei","1","1","","","","","","","","","","歷代婦女著作考328-329頁","別集"
216,0,"NLC","26019","","夢花閣詩稿:一卷(清湘岑撰)","Meng hua ge shi gao:1 juan (by Xiangcen, Qing Dynasty)","","","清末鉛印本","","","","","1841",1841,1841,"清","Qing","道光二十一年","Daoguang 21 nian ","辛丑","xin chou","1","1","","","","馬沅及莊縉度序都寫於道光辛丑(1841),原圖書館以清末(1851-1911)為出版年代。","馬沅,莊縉度,傅桐,蘇完多齡","蘇完景霖","","","","歷代婦女著作考817頁","別集"
217,0,"NLC","26113","","鏤冰詞:一卷(清席慧文撰)","Lou bing ci:1 juan (by Xi Huiwen, Qing Dyansty)","","","","","","","","1821",1821,1821,"清","Qing","道光元年","Daoguang yuan nian","辛巳","Xinsi","1","1","","","","《瑤草珠華閣倚聲》","","","","","","歷代婦女著作考469頁","別集"
218,0,"NLC","清芬精舍小集","","清芬精舍小集:三卷(清王嶽蓮撰)","Qin fen jing she xiao ji:3 juan (by Wang Yuelian, Qing Dynasty)","","","嘉慶二十三年戊寅(1818)刊本","","","","","1818",1818,1818,"清","Qing","嘉慶二十三年","Jiaqing 23 nian","戊寅","Wu Yin","1","1+1+1","","","","","潘奕","","","","","歷代婦女著作考256頁","別集"
219,0,"NLC","26200","","小嫏嬛吟稿:一卷(清王倩撰)","Xiao lang huan yin gao:1 juan (by Wang Qian, Qing Dynasty)","","","道光刊本","","","","","1820-1850",1820,1850,"","","","","","","1","1","","","","","趙曰佩","","","","","歷代婦女著作考237頁","別集"
220,0,"NLC","26207","","問花樓詩鈔:七卷,洞簫樓詞鈔:一卷(清王倩撰)","Wen hua lou shi chao:1 juan, Dong xiao lou ci chao:1 juan(by Wang Qian, Qing Dynasty)","","","清嘉慶刊本","","","","","1796-1820",1796,1820,"","","","","","","2","1+1+1+1+1+1+1","","","","唱和對象""東岩三兄""，""妙明上人""，""韻篁夫婦""，"" 安定女史""， ""端和女史""，""季湘夫人""，""玳梁""等，人物信息不全，並未創建唱和人名。","郭麐","","","","","歷代婦女著作考237頁","別集"
222,0,"NLC","26248","","聽秋軒贈言:三卷(清駱綺蘭輯)","Ting qiu xuan zeng yan: 3 juan (by Luo Qilan, Qing dynasty)","","","嘉慶元年(1796)句曲駱氏本","句曲","Juqu","","","1796",1796,1796,"清","Qing","嘉慶元年","Jiaqing yuan nian","丙辰","Bingchen","1","1+1+1","","","","","駱綺蘭","","","","","歷代婦女著作考761頁","總集"
223,0,"NLC","26282","","琴韻樓詩:二卷(清胡緣撰)","Qin yun lou shi: 2 juan (by Hu Yuan, Qing Dynasty)","","","嘉慶十三年(1808)刻本","","","","","1808",1808,1808,"清","Qing","嘉慶十三年","Jiaqing 13 nian","戊辰","Wu Chen","1","1+1","","",""," 唱和對象""鍼史大嫂""，人物信息不全，並未創建人名。","郭麐,徐熊飛,胡正基","許景鐘","","吳騫,車朝桂,徐祖鎏,戴敦元,李賡蕓,應時良,景文,蔣浩,沈蘭生,郭鳳,俞思謙，翟元，章光曾，董國華，汪濬，張青選，高廷璨，王鏞，徐紹曾，黃凱均，馬國偉，施嵩，劉炳，鍾大源，馮源，馬用俊，邱光華，施成，陸大松，張步蟾，戈溫如，毛元坤，高一諤，劉開域，孫映煜，張錦，車宸英，楊于高，錢天樹，徐元聲，沈潮，朱壬林等","","歷代婦女著作考444頁","別集"
224,0,"NLC","26283","","北堂詩錄:一卷(清左氏撰)","Bei tang shi lu:1 juan (by Zuo shi, Qing Dynasty)","","","嘉慶十九年(1814）","桐城","Tongcheng","桐城張氏","Tongcheng Zhang shi","1814",1814,1814,"清","Qing","嘉慶十九年","Jiaqing 19 nian","甲戌","Jia Xu","1","1","","","","","","","","","","","別集"
225,0,"NLC","26390:4","","澹仙賦鈔:一卷(清熊璉撰)","Danxian fu chao: 1 juan (by Xiong Lian, Qing Dynasty)","","","嘉慶年間(1796-1820)刻本","","","","","1796-1820",1796,1820,"清","Qing","嘉慶","Jiaqing","","","1","1","","","","","","","","","","歷代婦女著作考699頁","別集"
226,0,"NLC","26445","","淨香居詩草:一卷,淨香居題畫詩詞附:一卷(清金夢蘭撰)","Fu xiang ju shi cao:1 juan, Fu xiang ju ti hua shi ci fu:1 juan (by Jin Menglan, Qing Dynasty)","","","","","","","","",1644,1911,"","","","","","","1","1+1","","","","","翁方綱,吳鼒","","","","","歷代婦女著作考408頁","別集"
227,0,"NLC","26446","","留夢閣詩鈔:一卷(清康蕙蘭撰)","Meng liu ge shi chao:1 juan (by Kang Huilan, Qing Dynasty)","","","嘉慶三年(1798)刊本","","","","","1798",1798,1798,"清","Qing","嘉慶三年","Jiaqing 3 nian","戊午","Wu Wu","1","1","","","","最後一頁不予連接。（The last image is not linked because it is a loose strip. (2017-12-11)）","康亮鈞","","","","","歷代婦女著作考504頁","別集"
228,0,"NLC","26481","","佩蘭軒繡餘草:一卷(清愛新覺羅 文篁撰)","Pei lan xuan xiu yu cao:1 juan (by Aixinjueluo Wenhuang, Qing Dynasty)","","","清光緒九年(1883)刻本","","","","","1883",1883,1883,"清","Qing","光緒九年","Guanxu 9 nian","癸未","Gui Wei","1","1","","","","唱和對象“枕雲夫子""，""子仁""，""淑榮""人物信息不全，尚未生成人名。(2022)","慶岳","恩隆,恩良","","","","歷代婦女著作考813頁","別集"
229,0,"NLC","26510:2","","瑤華仙館詩鈔勝稾:一卷(清王蕙芳撰)","Qiong hua xian guan shi chao sheng gao:1 juan (by Wang Huifang, Qing Dynasty)","","","宣統元年(1909)刻本","","","","","1909",1909,1909,"清","Qing","宣統元年","Xuantong yuan nian","己酉","Ji You","1","1","","","","附於袁鴻《鐵如意庵詩稿》後。唱和人名“麗娟""，""外子""(袁鴻)，""嬸氏何恭人""人物人物信息不全，尚未生成人名。(2022） ","","","","","","歷代婦女著作考254頁","別集"
230,0,"NLC","26522","","秋蕖閣剩草:一卷(清陳泰撰)","Qiu qu ge sheng cao:1 juan (by Chen Tai, Qing Dynasty)","","","嘉慶二十三年(1818)刻本","","","","","1818",1818,1818,"清","Qing","嘉慶二十三年","Jiaqing 23 nian","戊寅","Wu Yin","1","1","","","","","陳文駿,(姪曾孫)大源","陳貞淑,(孫男)其恕","","","","歷代婦女著作考587頁","別集"
231,0,"NLC","26603","","重刻近月亭詩稿:四卷,附十三名媛詩草:一卷(清紀玘文撰)","Chong ke Jin yue ting shi gao:4 juan, Fu Shi san ming yuan shi cao:1 juan (by Ji Qiwen, Qing Dynasty)","","","嘉慶十九年(1814)刻本","","","燕南李氏","Yannan Li shi","1814",1814,1814,"清","Qing","嘉慶十九年","Jiaqing 19 nian","甲戌	","Jia Xu","3","1+1+1+1","","","","","劉棪,李煌,(男)紹堃肇基","","","","","歷代婦女著作考439頁","別集"
232,0,"NLC","26618","","張淑蓮詩稿:一卷(清張淑蓮撰)","Zhang Shulian wen gao:1 juan (by Zhang Shulian, Qing Dynasty)","","","清抄本","","","","","1851-1911",1851,1911,"清","Qing","","","","","1","1","","","","國家圖書館集名：張淑蓮文稿","","","","","","歷代婦女著作考520頁","別集"
233,0,"NLC","26619","","茹蘖閑房詩存:一卷(清陳勤撰)","Ru nie xian fang shi cun: 1 juan(by Chen Qin, Qing Dynasty)","","","道光十八年(1838)刻本","甘泉","Ganquan","甘泉符葆森","Ganquan Fu Baosen","1838",1838,1838,"清","QIng","道光十八年","Daoguang 18 nian","戊戌","Wu Xu","1","1","","","","","","","","","","歷代婦女著作考594頁","別集"
234,0,"NLC","26670","","蘿月軒詩集:八卷(清史筠撰)","Luo yue xuan shi ji: 8 juan (by Shi Yun, Qing Dynasty)","","","清道光十五年(1835)抄本","","","","","1835",1835,1835,"清","Qing","道光十五年","Daoguang 15 nian ","乙未","yi wei ","4","1+1+1+1","","","","《清代閨秀集叢刊》22.359 道光15年（1835）刻本(gf)；國圖註為抄本。","","","","","","歷代婦女著作考263頁","別集"
235,0,"NLC","26715","","湘雲閣殘稿:三卷(清顧德貞撰)","Xiang yun ge can gao:3 juan (by Gu Dezhen, Qing Dynasty)","","","道光二十一年(1841)刻本","泰和","Taihe","泰和蕭志蘇寓瓠山房","Taihe Xiao Zhisu Yu hu shan fang","1841",1841,1841,"清","Qing","道光二十一年","Daoguang 21 nian","辛丑","Xin Chou","4","1+1+1+1","","","","","","","","","","歷代婦女著作考807頁","別集"
236,0,"NLC","26788","","紫藤花館詩:一卷(清黃璇撰)","Zi teng hua guan shi:1 juan (by Huang Xuan, Qing Dynasty)","","","光緒四年(1878)刻本","","","黃璟","Huang Jing","1878",1878,1878,"清","Qing","光緒四年","Guangxu 4 nian","戊寅","Wu Yin","1","1","","","","","","","","","","歷代婦女著作考666頁","別集"
237,0,"NLC","26807","","倩梅簃遺稿:一卷(清戴小玉撰)","Qian mei yi yi gao:1 juan (by Dai Xiaoyu, Qing Dynasty)","","","道光十一年(1831)寫刻本","錢塘","Qiantang","錢塘戴熙","Qiantang Dai Xi","1831",1831,1831,"清","Qing","道光十一年","Daoguang 11 nian","辛卯","Xin Mao","1","1","","","","","戴熙","朱文檀","","","","歷代婦女著作考779頁","別集"
238,0,"NLC","26826","","清芬閣吟稿:一卷(清許英撰)","Qing fen ge yi gao:1 juan (by Xu Ying, Qing Dynasty)","","","道光二十一年(1841)刊本","","","","","1841",1841,1841,"清","Qing","道光二十一年","Daoguang 21 nian","壬寅","Ren Yin","1","1","11行21字小字雙行同黑口四周單邊單魚尾","","","附於其夫沈光春《醉墨齋詩集》後","","沈濤","","","","歷代婦女著作考561頁","別集"
239,0,"NLC","26829","","澹宜書屋詩草:二卷(清高鳳樓撰)","Danyi shu wu shi cao:2 juan (by Gao Fenglou, Qing Dynasty)","","","道光二十七年(1847)刊本","","","","","1847",1847,1847,"清","Qing","道光二十七年","Daoguang 27 nian","丁未","Ding Wei","1","1+1","10行21字小字雙行同白口左右雙邊單魚尾","","","","黃履","高學沅","","","","歷代婦女著作考500頁","別集"
240,0,"NLC","26924","","涵碧樓詩稿初刻:二卷(清黃雲湘撰)","Han bi lou shi gao chu ke: 2 juan (by Huang Yunxiang, Qing Dynasty)","","","清光緒二十一年(1895)朱格抄本","","","","","1895",1895,1895,"清","Qing","光緒二十一年","Guangxu 21 nian","乙未","Yi Wei","2","1+1","","","","唱和人名""蕣卿妹""，""季蘭姊""，""艷雪女史""無人物資料，尚未創建人名。(2022)","楊鶴鳴,楊和鳴,劉家謀,梁康辰","文通","","鄭祖琛，許寶森，劉家謀，楊和鳴，梁康辰，吳世培","","歷代婦女著作考662頁","別集"
241,0,"NLC","26961","","散花天室稿:三卷(清胡相端撰)","San hua tian shi gao: 3 juan (by Hu Xiangduan, Qing Dynasty)","","","清道光三年(1823)刻本","","","","","1823",1823,1823,"清","Qing","道光三年","Daoguang 3 nian","癸未","kui wei","1","1+1+1","8行21字白口左右雙邊單魚尾","","","序作者唐仲冕乃胡氏父胡衡齋太守同年，序於丁丑年。其父胡衡齋為乾隆乙未(1775)進士，則序應作於嘉慶二十二年丁丑(1817）年。題跋中亦有道光壬午(1822)及癸未(1823)。因此以道光三年癸末後為大致出版年份。","唐仲冕, 陳邦泰, 李廷芳, 錢栻","陳邦泰,暎薇女士,秋谷,潘宗秇,汪端光","","","","歷代婦女著作考441頁","別集"
242,0,"NLC","26965","","延秋閣賸藁(清趙景淑撰)","Yan qiu ge sheng gao (by Zhao Jingshu, Qing Dynasty)","","","道光刻本","","","","","1821-1850",1821,1850,"","","","","","","1","","10行19字黑口四周雙邊單魚尾","","","附刊於其弟趙對澂《小羅浮館別錄》後","","","","","","歷代婦女著作考707頁","別集"
243,0,"NLC","27019","","浣香詩鈔: 一卷(清葉令昭撰)","Huan xiang shi chao:1 juan (by Ye Lingzhao, Qing Dynasty)","","","道光七年(1827)刻本","歸安","Guian","歸安葉氏","Guian Ye shi","1827",1827,1827,"清","Qing","道光七年","Daoguang 7 nian","丁亥","Ding Hai","1","1","6行20字白口四周雙邊單魚尾","","","胡文楷未收","葉紹本","","","","","","別集"
244,0,"NLC","27083","","白雲洞天詩藁:一卷(清沈瑴撰)","Bai yun dong tian shi gao:1 juan (by Shen Jue, Qing Dynasty)","","","咸豐元年(1851)刻本","揚州","Yangzhou","","","1851",1851,1851,"清","Qing","咸豐元年","Xianfeng yuan nian","辛亥","Xin Hai","1","1","10行21字小字雙行同白口左右雙邊單魚尾","","","唱和人物""弟婦戴默華""，""孫春洲""無人物資料，尚未創建人名。(2022)","吳清鵬,劉翊泰,祝淳嘏,祝同治,阮享仲,祝躍雲","","","周鐄，阮亨，稽榮培，阮恩甲，祝淳嘏，吳清鵬，祝躍雲","","歷代婦女著作考370頁","別集"
245,0,"NLC","27084","","紅香館詩草:一卷,紅香館詩餘:一卷(清惲珠撰)","Hong xiang guan shi cao:1 juan, Hong Xiang guan shi yu:1 juan (by Yun Zhu, Qing Dynasty)","","","咸豐十一年(1861)刻本","","","","","1861",1861,1861,"清","清","咸豐十一年","Xifeng 11 nian","辛酉","Xin You","1","1+1","7行16字黑口四周雙邊雙魚尾","","","","蔡之定,林培厚,高鄂,潘素心,黃友琴,翁瑛,惲珠,石黛卿","惲崇碩,鄭汝楫,蔣重申,程孟梅,宗梅","","","","歷代婦女著作考630頁","別集"
246,0,"NLC","27109","","鳳池仙館詩存:一卷,鳳池仙館詩餘:一卷(清郭佩芳撰)","Feng chi xian guan shi cun:1 juan (by Guo Peifang, Qing Dynasty)","","","道光二十年(1840)刻本","","","","","1840",1840,1840,"清","Qing","道光二十年","Daoguang 20 nian","庚子","Geng Zi","1","1+1","7行17字黑口四周單邊,黃紙本,有朱墨筆圈點","","","","顧承","郭榮光,郭鳳岡,郭鳳梁","","","","歷代婦女著作考572頁","別集"

The free trial of MDB ACCDB Viewer exports only half of the records in each table.
